,Iteration,Time,Fitness,FEvals,use_fast_mimic,Population Size,Keep Percent,max_iters
0,0,0.0010576000204309821,0.0,200.0,True,200,0.2,4096
1,1,0.017027499998221174,9.0,402.0,True,200,0.2,4096
2,2,0.036177200003294274,13.0,604.0,True,200,0.2,4096
3,3,0.05413810000754893,14.0,806.0,True,200,0.2,4096
4,4,0.0686221000214573,21.0,1008.0,True,200,0.2,4096
5,5,0.08587740000803024,21.0,1209.0,True,200,0.2,4096
6,6,0.1003752000106033,21.0,1410.0,True,200,0.2,4096
7,7,0.11856440000701696,23.0,1612.0,True,200,0.2,4096
8,8,0.13744900000165217,23.0,1813.0,True,200,0.2,4096
9,9,0.15590260000317357,23.0,2014.0,True,200,0.2,4096
10,10,0.16977390000829473,24.0,2216.0,True,200,0.2,4096
11,11,0.1882175000209827,24.0,2417.0,True,200,0.2,4096
12,12,0.20471010002074763,24.0,2618.0,True,200,0.2,4096
13,13,0.22390270000323653,25.0,2820.0,True,200,0.2,4096
14,14,0.24084150002454408,25.0,3021.0,True,200,0.2,4096
15,15,0.283920300018508,25.0,3222.0,True,200,0.2,4096
16,16,0.3264662000001408,25.0,3423.0,True,200,0.2,4096
17,17,0.37242820000392385,27.0,3625.0,True,200,0.2,4096
18,18,0.417165400023805,27.0,3826.0,True,200,0.2,4096
19,19,0.4607030000188388,27.0,4027.0,True,200,0.2,4096
20,20,0.5036724000237882,27.0,4228.0,True,200,0.2,4096
21,21,0.5448600000236183,27.0,4429.0,True,200,0.2,4096
22,22,0.5884288000233937,27.0,4630.0,True,200,0.2,4096
23,23,0.6319539000105578,27.0,4831.0,True,200,0.2,4096
24,24,0.6751570000196807,27.0,5032.0,True,200,0.2,4096
25,25,0.7161462000221945,27.0,5233.0,True,200,0.2,4096
26,26,0.757768000010401,27.0,5434.0,True,200,0.2,4096
27,27,0.8005441999994218,27.0,5635.0,True,200,0.2,4096
28,28,0.844339500006754,27.0,5836.0,True,200,0.2,4096
29,29,0.8875802000111435,27.0,6037.0,True,200,0.2,4096
30,30,0.931399599998258,27.0,6238.0,True,200,0.2,4096
31,31,0.9751150000083726,27.0,6439.0,True,200,0.2,4096
32,32,1.0173075000056997,27.0,6640.0,True,200,0.2,4096
33,33,1.0572479999973439,27.0,6841.0,True,200,0.2,4096
34,34,1.0965870000072755,27.0,7042.0,True,200,0.2,4096
35,35,1.1349432000133675,27.0,7243.0,True,200,0.2,4096
36,36,1.1755361999967135,27.0,7444.0,True,200,0.2,4096
37,37,1.2153097999980673,27.0,7645.0,True,200,0.2,4096
38,38,1.2552022000018042,27.0,7846.0,True,200,0.2,4096
39,39,1.2953961000021081,27.0,8047.0,True,200,0.2,4096
40,40,1.3355778999975882,27.0,8248.0,True,200,0.2,4096
41,41,1.3758957000100054,27.0,8449.0,True,200,0.2,4096
42,42,1.4163452000066172,27.0,8650.0,True,200,0.2,4096
43,43,1.4614603000227362,27.0,8851.0,True,200,0.2,4096
44,44,1.4996767000120599,27.0,9052.0,True,200,0.2,4096
45,45,1.5386996000015642,27.0,9253.0,True,200,0.2,4096
46,46,1.5785238000098616,27.0,9454.0,True,200,0.2,4096
47,47,1.6207385000016075,27.0,9655.0,True,200,0.2,4096
48,48,1.6614396000222769,27.0,9856.0,True,200,0.2,4096
49,49,1.7011841000057757,27.0,10057.0,True,200,0.2,4096
50,50,1.7413364000094589,27.0,10258.0,True,200,0.2,4096
51,51,1.7796350000135135,27.0,10459.0,True,200,0.2,4096
52,52,1.819921600021189,27.0,10660.0,True,200,0.2,4096
53,53,1.8611084000149276,27.0,10861.0,True,200,0.2,4096
54,54,1.9015557000238914,27.0,11062.0,True,200,0.2,4096
55,55,1.9415861000015866,27.0,11263.0,True,200,0.2,4096
56,56,1.9824001000088174,27.0,11464.0,True,200,0.2,4096
57,57,2.023744000005536,27.0,11665.0,True,200,0.2,4096
58,58,2.0665142000070773,27.0,11866.0,True,200,0.2,4096
59,59,2.109143800014863,27.0,12067.0,True,200,0.2,4096
60,60,2.1543366000114474,27.0,12268.0,True,200,0.2,4096
61,61,2.197464199998649,27.0,12469.0,True,200,0.2,4096
62,62,2.2420658000046387,27.0,12670.0,True,200,0.2,4096
63,63,2.2848378000198863,27.0,12871.0,True,200,0.2,4096
64,64,2.328445200022543,27.0,13072.0,True,200,0.2,4096
65,65,2.376200600003358,27.0,13273.0,True,200,0.2,4096
66,66,2.420491299999412,27.0,13474.0,True,200,0.2,4096
67,67,2.4631692999973893,27.0,13675.0,True,200,0.2,4096
68,68,2.5050723000022117,27.0,13876.0,True,200,0.2,4096
69,69,2.548176100011915,27.0,14077.0,True,200,0.2,4096
70,70,2.590004099998623,27.0,14278.0,True,200,0.2,4096
71,71,2.632402900024317,27.0,14479.0,True,200,0.2,4096
72,72,2.6755721000081394,27.0,14680.0,True,200,0.2,4096
73,73,2.717980500019621,27.0,14881.0,True,200,0.2,4096
74,74,2.7616408000176307,27.0,15082.0,True,200,0.2,4096
75,75,2.8039209000125993,27.0,15283.0,True,200,0.2,4096
76,76,2.846348200022476,27.0,15484.0,True,200,0.2,4096
77,77,2.8885267000005115,27.0,15685.0,True,200,0.2,4096
78,78,2.931329100014409,27.0,15886.0,True,200,0.2,4096
79,79,2.9741438000055496,27.0,16087.0,True,200,0.2,4096
80,80,3.0180543000169564,27.0,16288.0,True,200,0.2,4096
81,81,3.0572352000162937,27.0,16489.0,True,200,0.2,4096
82,82,3.0960665000020526,27.0,16690.0,True,200,0.2,4096
83,83,3.133946800022386,27.0,16891.0,True,200,0.2,4096
84,84,3.172772799996892,27.0,17092.0,True,200,0.2,4096
85,85,3.2128327000245918,27.0,17293.0,True,200,0.2,4096
86,86,3.2532672000234015,27.0,17494.0,True,200,0.2,4096
87,87,3.292551500024274,27.0,17695.0,True,200,0.2,4096
88,88,3.3320714000146836,27.0,17896.0,True,200,0.2,4096
89,89,3.3729778999986593,27.0,18097.0,True,200,0.2,4096
90,90,3.4138575000106357,27.0,18298.0,True,200,0.2,4096
91,91,3.457536200003233,27.0,18499.0,True,200,0.2,4096
92,92,3.4959519999974873,27.0,18700.0,True,200,0.2,4096
93,93,3.5338929000135977,27.0,18901.0,True,200,0.2,4096
94,94,3.571781100006774,27.0,19102.0,True,200,0.2,4096
95,95,3.6105813000176568,27.0,19303.0,True,200,0.2,4096
96,96,3.6477635000192095,27.0,19504.0,True,200,0.2,4096
97,97,3.687221200001659,27.0,19705.0,True,200,0.2,4096
98,98,3.725918800017098,27.0,19906.0,True,200,0.2,4096
99,99,3.7655863000254612,27.0,20107.0,True,200,0.2,4096
100,100,3.8057441000128165,27.0,20308.0,True,200,0.2,4096
101,101,3.8456875999982003,27.0,20509.0,True,200,0.2,4096
102,102,3.8837865000241436,27.0,20710.0,True,200,0.2,4096
103,103,3.9231500000169035,27.0,20911.0,True,200,0.2,4096
104,104,3.9622742000210565,27.0,21112.0,True,200,0.2,4096
105,105,4.003911200008588,27.0,21313.0,True,200,0.2,4096
106,106,4.04473710001912,27.0,21514.0,True,200,0.2,4096
107,107,4.083635900024092,27.0,21715.0,True,200,0.2,4096
108,108,4.122267600003397,27.0,21916.0,True,200,0.2,4096
109,109,4.160580299998401,27.0,22117.0,True,200,0.2,4096
110,110,4.200178500002949,27.0,22318.0,True,200,0.2,4096
111,111,4.239737800002331,27.0,22519.0,True,200,0.2,4096
112,112,4.279294700012542,27.0,22720.0,True,200,0.2,4096
113,113,4.318322700011777,27.0,22921.0,True,200,0.2,4096
114,114,4.358080400008475,27.0,23122.0,True,200,0.2,4096
115,115,4.3963207000051625,27.0,23323.0,True,200,0.2,4096
116,116,4.4354392000241205,27.0,23524.0,True,200,0.2,4096
117,117,4.478512200003024,27.0,23725.0,True,200,0.2,4096
118,118,4.517510500008939,27.0,23926.0,True,200,0.2,4096
119,119,4.5558468000090215,27.0,24127.0,True,200,0.2,4096
120,120,4.595064499997534,27.0,24328.0,True,200,0.2,4096
121,121,4.633979000005638,27.0,24529.0,True,200,0.2,4096
122,122,4.672051700006705,27.0,24730.0,True,200,0.2,4096
123,123,4.709837300004438,27.0,24931.0,True,200,0.2,4096
124,124,4.748893800016958,27.0,25132.0,True,200,0.2,4096
125,125,4.788933300005738,27.0,25333.0,True,200,0.2,4096
126,126,4.829481799999485,27.0,25534.0,True,200,0.2,4096
127,127,4.86964000001899,27.0,25735.0,True,200,0.2,4096
128,128,4.909561600012239,27.0,25936.0,True,200,0.2,4096
129,129,4.952548200002639,27.0,26137.0,True,200,0.2,4096
130,130,4.99224530000356,27.0,26338.0,True,200,0.2,4096
131,131,5.032829300005687,27.0,26539.0,True,200,0.2,4096
132,132,5.072835800005123,27.0,26740.0,True,200,0.2,4096
133,133,5.112324800022179,27.0,26941.0,True,200,0.2,4096
134,134,5.15190419999999,27.0,27142.0,True,200,0.2,4096
135,135,5.189983800024493,27.0,27343.0,True,200,0.2,4096
136,136,5.229497400025139,27.0,27544.0,True,200,0.2,4096
137,137,5.269378500001039,27.0,27745.0,True,200,0.2,4096
138,138,5.307877800019924,27.0,27946.0,True,200,0.2,4096
139,139,5.346916300011799,27.0,28147.0,True,200,0.2,4096
140,140,5.386357300012605,27.0,28348.0,True,200,0.2,4096
141,141,5.4288793000159785,27.0,28549.0,True,200,0.2,4096
142,142,5.4661755000124685,27.0,28750.0,True,200,0.2,4096
143,143,5.503435200022068,27.0,28951.0,True,200,0.2,4096
144,144,5.540125100000296,27.0,29152.0,True,200,0.2,4096
145,145,5.577801500010537,27.0,29353.0,True,200,0.2,4096
146,146,5.616655799996806,27.0,29554.0,True,200,0.2,4096
147,147,5.655973700020695,27.0,29755.0,True,200,0.2,4096
148,148,5.695189600024605,27.0,29956.0,True,200,0.2,4096
149,149,5.734149199997773,27.0,30157.0,True,200,0.2,4096
150,150,5.774132000020472,27.0,30358.0,True,200,0.2,4096
151,151,5.813463300000876,27.0,30559.0,True,200,0.2,4096
152,152,5.853969900024822,27.0,30760.0,True,200,0.2,4096
153,153,5.893435400008457,27.0,30961.0,True,200,0.2,4096
154,154,5.934159800002817,27.0,31162.0,True,200,0.2,4096
155,155,5.975408800004516,27.0,31363.0,True,200,0.2,4096
156,156,6.01538409999921,27.0,31564.0,True,200,0.2,4096
157,157,6.0544331000128295,27.0,31765.0,True,200,0.2,4096
158,158,6.09449330001371,27.0,31966.0,True,200,0.2,4096
159,159,6.135764400009066,27.0,32167.0,True,200,0.2,4096
160,160,6.175888900004793,27.0,32368.0,True,200,0.2,4096
161,161,6.213638300017919,27.0,32569.0,True,200,0.2,4096
162,162,6.252758400019957,27.0,32770.0,True,200,0.2,4096
163,163,6.291038800001843,27.0,32971.0,True,200,0.2,4096
164,164,6.330571400001645,27.0,33172.0,True,200,0.2,4096
165,165,6.370009800011758,27.0,33373.0,True,200,0.2,4096
166,166,6.4114393000199925,27.0,33574.0,True,200,0.2,4096
167,167,6.451553799997782,27.0,33775.0,True,200,0.2,4096
168,168,6.488949300022796,27.0,33976.0,True,200,0.2,4096
169,169,6.5266227000101935,27.0,34177.0,True,200,0.2,4096
170,170,6.56444710001233,27.0,34378.0,True,200,0.2,4096
171,171,6.602149800019106,27.0,34579.0,True,200,0.2,4096
172,172,6.643765200016787,27.0,34780.0,True,200,0.2,4096
173,173,6.682520500005921,27.0,34981.0,True,200,0.2,4096
174,174,6.721863600017969,27.0,35182.0,True,200,0.2,4096
175,175,6.76095009999699,27.0,35383.0,True,200,0.2,4096
176,176,6.801861800020561,27.0,35584.0,True,200,0.2,4096
177,177,6.841150200023549,27.0,35785.0,True,200,0.2,4096
178,178,6.880876500013983,27.0,35986.0,True,200,0.2,4096
179,179,6.920633500005351,27.0,36187.0,True,200,0.2,4096
180,180,6.961277000023983,27.0,36388.0,True,200,0.2,4096
181,181,7.0007666000165045,27.0,36589.0,True,200,0.2,4096
182,182,7.040486000012606,27.0,36790.0,True,200,0.2,4096
183,183,7.080329999997048,27.0,36991.0,True,200,0.2,4096
184,184,7.119205299997702,27.0,37192.0,True,200,0.2,4096
185,185,7.158450600021752,27.0,37393.0,True,200,0.2,4096
186,186,7.197839000000386,27.0,37594.0,True,200,0.2,4096
187,187,7.237394299998414,27.0,37795.0,True,200,0.2,4096
188,188,7.275540800008457,27.0,37996.0,True,200,0.2,4096
189,189,7.314511000004131,27.0,38197.0,True,200,0.2,4096
190,190,7.352951000008034,27.0,38398.0,True,200,0.2,4096
191,191,7.392365400010021,27.0,38599.0,True,200,0.2,4096
192,192,7.432479900016915,27.0,38800.0,True,200,0.2,4096
193,193,7.472700700018322,27.0,39001.0,True,200,0.2,4096
194,194,7.510190400003921,27.0,39202.0,True,200,0.2,4096
195,195,7.5482538000214845,27.0,39403.0,True,200,0.2,4096
196,196,7.585554700024659,27.0,39604.0,True,200,0.2,4096
197,197,7.624997400009306,27.0,39805.0,True,200,0.2,4096
198,198,7.662816700001713,27.0,40006.0,True,200,0.2,4096
199,199,7.701519399997778,27.0,40207.0,True,200,0.2,4096
200,200,7.740116300003137,27.0,40408.0,True,200,0.2,4096
201,201,7.778818999999203,27.0,40609.0,True,200,0.2,4096
202,202,7.817808500025421,27.0,40810.0,True,200,0.2,4096
203,203,7.858382900012657,27.0,41011.0,True,200,0.2,4096
204,204,7.896504800010007,27.0,41212.0,True,200,0.2,4096
205,205,7.935351400024956,27.0,41413.0,True,200,0.2,4096
206,206,7.975358900002902,27.0,41614.0,True,200,0.2,4096
207,207,8.015718800015748,27.0,41815.0,True,200,0.2,4096
208,208,8.053920400008792,27.0,42016.0,True,200,0.2,4096
209,209,8.094074200023897,27.0,42217.0,True,200,0.2,4096
210,210,8.133301100024255,27.0,42418.0,True,200,0.2,4096
211,211,8.173534300003666,27.0,42619.0,True,200,0.2,4096
212,212,8.213099100015825,27.0,42820.0,True,200,0.2,4096
213,213,8.25327680000919,27.0,43021.0,True,200,0.2,4096
214,214,8.294361300009768,27.0,43222.0,True,200,0.2,4096
215,215,8.33465570001863,27.0,43423.0,True,200,0.2,4096
216,216,8.374216800002614,27.0,43624.0,True,200,0.2,4096
217,217,8.413606800022535,27.0,43825.0,True,200,0.2,4096
218,218,8.45228210001369,27.0,44026.0,True,200,0.2,4096
219,219,8.489910100004636,27.0,44227.0,True,200,0.2,4096
220,220,8.529515700007323,27.0,44428.0,True,200,0.2,4096
221,221,8.567492700007278,27.0,44629.0,True,200,0.2,4096
222,222,8.60650570000871,27.0,44830.0,True,200,0.2,4096
223,223,8.64640870000585,27.0,45031.0,True,200,0.2,4096
224,224,8.685232100018766,27.0,45232.0,True,200,0.2,4096
225,225,8.724068500014255,27.0,45433.0,True,200,0.2,4096
226,226,8.764516700000968,27.0,45634.0,True,200,0.2,4096
227,227,8.804193999996642,27.0,45835.0,True,200,0.2,4096
228,228,8.844046400015941,27.0,46036.0,True,200,0.2,4096
229,229,8.883912500023143,27.0,46237.0,True,200,0.2,4096
230,230,8.92285339999944,27.0,46438.0,True,200,0.2,4096
231,231,8.962614500022028,27.0,46639.0,True,200,0.2,4096
232,232,9.002326200017706,27.0,46840.0,True,200,0.2,4096
233,233,9.041557600023225,27.0,47041.0,True,200,0.2,4096
234,234,9.081346400023904,27.0,47242.0,True,200,0.2,4096
235,235,9.1198586000246,27.0,47443.0,True,200,0.2,4096
236,236,9.159406400023727,27.0,47644.0,True,200,0.2,4096
237,237,9.199163200013572,27.0,47845.0,True,200,0.2,4096
238,238,9.2383819000097,27.0,48046.0,True,200,0.2,4096
239,239,9.27845700000762,27.0,48247.0,True,200,0.2,4096
240,240,9.317789900000207,27.0,48448.0,True,200,0.2,4096
241,241,9.357738799997605,27.0,48649.0,True,200,0.2,4096
242,242,9.396814300009282,27.0,48850.0,True,200,0.2,4096
243,243,9.439900199999101,27.0,49051.0,True,200,0.2,4096
244,244,9.477973800007021,27.0,49252.0,True,200,0.2,4096
245,245,9.518728700000793,27.0,49453.0,True,200,0.2,4096
246,246,9.558509700000286,27.0,49654.0,True,200,0.2,4096
247,247,9.59748710002168,27.0,49855.0,True,200,0.2,4096
248,248,9.637973000004422,27.0,50056.0,True,200,0.2,4096
249,249,9.678660000005038,27.0,50257.0,True,200,0.2,4096
250,250,9.718454600020777,27.0,50458.0,True,200,0.2,4096
251,251,9.758142800012138,27.0,50659.0,True,200,0.2,4096
252,252,9.798118900012923,27.0,50860.0,True,200,0.2,4096
253,253,9.83883260001312,27.0,51061.0,True,200,0.2,4096
254,254,9.879195000015898,27.0,51262.0,True,200,0.2,4096
255,255,9.91931779999868,27.0,51463.0,True,200,0.2,4096
256,256,9.959234300011303,27.0,51664.0,True,200,0.2,4096
257,257,10.001453000004403,27.0,51865.0,True,200,0.2,4096
258,258,10.041113900020719,27.0,52066.0,True,200,0.2,4096
259,259,10.081582200014964,27.0,52267.0,True,200,0.2,4096
260,260,10.120580900023924,27.0,52468.0,True,200,0.2,4096
261,261,10.161106100014877,27.0,52669.0,True,200,0.2,4096
262,262,10.200790000002598,27.0,52870.0,True,200,0.2,4096
263,263,10.240937000024132,27.0,53071.0,True,200,0.2,4096
264,264,10.279405900015263,27.0,53272.0,True,200,0.2,4096
265,265,10.318818400002783,27.0,53473.0,True,200,0.2,4096
266,266,10.359660500020254,27.0,53674.0,True,200,0.2,4096
267,267,10.400421600003028,27.0,53875.0,True,200,0.2,4096
268,268,10.440611199999694,27.0,54076.0,True,200,0.2,4096
269,269,10.47884540000814,27.0,54277.0,True,200,0.2,4096
270,270,10.516901499999221,27.0,54478.0,True,200,0.2,4096
271,271,10.55746100001852,27.0,54679.0,True,200,0.2,4096
272,272,10.594514099997468,27.0,54880.0,True,200,0.2,4096
273,273,10.630430200020783,27.0,55081.0,True,200,0.2,4096
274,274,10.66893140002503,27.0,55282.0,True,200,0.2,4096
275,275,10.707838500005892,27.0,55483.0,True,200,0.2,4096
276,276,10.747073900012765,27.0,55684.0,True,200,0.2,4096
277,277,10.787011300009908,27.0,55885.0,True,200,0.2,4096
278,278,10.82686780000222,27.0,56086.0,True,200,0.2,4096
279,279,10.866934300021967,27.0,56287.0,True,200,0.2,4096
280,280,10.90758620001725,27.0,56488.0,True,200,0.2,4096
281,281,10.947470600018278,27.0,56689.0,True,200,0.2,4096
282,282,10.986265300016385,27.0,56890.0,True,200,0.2,4096
283,283,11.024952900013886,27.0,57091.0,True,200,0.2,4096
284,284,11.063617100007832,27.0,57292.0,True,200,0.2,4096
285,285,11.101474199997028,27.0,57493.0,True,200,0.2,4096
286,286,11.142333700001473,27.0,57694.0,True,200,0.2,4096
287,287,11.183569600019837,27.0,57895.0,True,200,0.2,4096
288,288,11.224941000022227,27.0,58096.0,True,200,0.2,4096
289,289,11.265128700004425,27.0,58297.0,True,200,0.2,4096
290,290,11.304467400012072,27.0,58498.0,True,200,0.2,4096
291,291,11.34374900002149,27.0,58699.0,True,200,0.2,4096
292,292,11.382733700011158,27.0,58900.0,True,200,0.2,4096
293,293,11.425608500023372,27.0,59101.0,True,200,0.2,4096
294,294,11.463395600003423,27.0,59302.0,True,200,0.2,4096
295,295,11.50095539999893,27.0,59503.0,True,200,0.2,4096
296,296,11.5410741000087,27.0,59704.0,True,200,0.2,4096
297,297,11.57945170000312,27.0,59905.0,True,200,0.2,4096
298,298,11.61615030001849,27.0,60106.0,True,200,0.2,4096
299,299,11.65470740001183,27.0,60307.0,True,200,0.2,4096
300,300,11.69317630000296,27.0,60508.0,True,200,0.2,4096
301,301,11.731175100023393,27.0,60709.0,True,200,0.2,4096
302,302,11.768912200001068,27.0,60910.0,True,200,0.2,4096
303,303,11.80787080002483,27.0,61111.0,True,200,0.2,4096
304,304,11.847296400024788,27.0,61312.0,True,200,0.2,4096
305,305,11.88616340002045,27.0,61513.0,True,200,0.2,4096
306,306,11.92502070000046,27.0,61714.0,True,200,0.2,4096
307,307,11.963829900021665,27.0,61915.0,True,200,0.2,4096
308,308,12.003008300001966,27.0,62116.0,True,200,0.2,4096
309,309,12.04075179999927,27.0,62317.0,True,200,0.2,4096
310,310,12.079333000001498,27.0,62518.0,True,200,0.2,4096
311,311,12.117617900017649,27.0,62719.0,True,200,0.2,4096
312,312,12.155660100019304,27.0,62920.0,True,200,0.2,4096
313,313,12.194559499999741,27.0,63121.0,True,200,0.2,4096
314,314,12.23255600000266,27.0,63322.0,True,200,0.2,4096
315,315,12.271309200004907,27.0,63523.0,True,200,0.2,4096
316,316,12.308469600015087,27.0,63724.0,True,200,0.2,4096
317,317,12.34766810000292,27.0,63925.0,True,200,0.2,4096
318,318,12.387176800024463,27.0,64126.0,True,200,0.2,4096
319,319,12.429128900024807,27.0,64327.0,True,200,0.2,4096
320,320,12.467654900014168,27.0,64528.0,True,200,0.2,4096
321,321,12.505080800008727,27.0,64729.0,True,200,0.2,4096
322,322,12.542616899998393,27.0,64930.0,True,200,0.2,4096
323,323,12.580361100001028,27.0,65131.0,True,200,0.2,4096
324,324,12.619247700000415,27.0,65332.0,True,200,0.2,4096
325,325,12.657706700003473,27.0,65533.0,True,200,0.2,4096
326,326,12.697445500001777,27.0,65734.0,True,200,0.2,4096
327,327,12.737469300016528,27.0,65935.0,True,200,0.2,4096
328,328,12.777289500023471,27.0,66136.0,True,200,0.2,4096
329,329,12.816568000009283,27.0,66337.0,True,200,0.2,4096
330,330,12.855437500023982,27.0,66538.0,True,200,0.2,4096
331,331,12.896108300017659,27.0,66739.0,True,200,0.2,4096
332,332,12.935541800019564,27.0,66940.0,True,200,0.2,4096
333,333,12.974331500008702,27.0,67141.0,True,200,0.2,4096
334,334,13.011662200005958,27.0,67342.0,True,200,0.2,4096
335,335,13.048867900011828,27.0,67543.0,True,200,0.2,4096
336,336,13.0861969999969,27.0,67744.0,True,200,0.2,4096
337,337,13.124679200001992,27.0,67945.0,True,200,0.2,4096
338,338,13.164803300023777,27.0,68146.0,True,200,0.2,4096
339,339,13.20400920000975,27.0,68347.0,True,200,0.2,4096
340,340,13.244446500000777,27.0,68548.0,True,200,0.2,4096
341,341,13.283802200021455,27.0,68749.0,True,200,0.2,4096
342,342,13.322459000017261,27.0,68950.0,True,200,0.2,4096
343,343,13.36169040002278,27.0,69151.0,True,200,0.2,4096
344,344,13.401364300021669,27.0,69352.0,True,200,0.2,4096
345,345,13.444857000024058,27.0,69553.0,True,200,0.2,4096
346,346,13.481421600008616,27.0,69754.0,True,200,0.2,4096
347,347,13.518665500014322,27.0,69955.0,True,200,0.2,4096
348,348,13.55626090001897,27.0,70156.0,True,200,0.2,4096
349,349,13.594002600002568,27.0,70357.0,True,200,0.2,4096
350,350,13.632706700009294,27.0,70558.0,True,200,0.2,4096
351,351,13.67155410000123,27.0,70759.0,True,200,0.2,4096
352,352,13.71167499999865,27.0,70960.0,True,200,0.2,4096
353,353,13.750349200010533,27.0,71161.0,True,200,0.2,4096
354,354,13.789748900017003,27.0,71362.0,True,200,0.2,4096
355,355,13.827974600018933,27.0,71563.0,True,200,0.2,4096
356,356,13.867095800000243,27.0,71764.0,True,200,0.2,4096
357,357,13.905365900020115,27.0,71965.0,True,200,0.2,4096
358,358,13.945495100022526,27.0,72166.0,True,200,0.2,4096
359,359,13.985429599997588,27.0,72367.0,True,200,0.2,4096
360,360,14.025232400017558,27.0,72568.0,True,200,0.2,4096
361,361,14.065101700020023,27.0,72769.0,True,200,0.2,4096
362,362,14.10532349999994,27.0,72970.0,True,200,0.2,4096
363,363,14.145759100007126,27.0,73171.0,True,200,0.2,4096
364,364,14.185587100015255,27.0,73372.0,True,200,0.2,4096
365,365,14.224118300015107,27.0,73573.0,True,200,0.2,4096
366,366,14.26538480000454,27.0,73774.0,True,200,0.2,4096
367,367,14.304709800024284,27.0,73975.0,True,200,0.2,4096
368,368,14.34379670000635,27.0,74176.0,True,200,0.2,4096
369,369,14.38384700001916,27.0,74377.0,True,200,0.2,4096
370,370,14.425613500003237,27.0,74578.0,True,200,0.2,4096
371,371,14.463118900021072,27.0,74779.0,True,200,0.2,4096
372,372,14.499189399997704,27.0,74980.0,True,200,0.2,4096
373,373,14.537562500016065,27.0,75181.0,True,200,0.2,4096
374,374,14.576655200013192,27.0,75382.0,True,200,0.2,4096
375,375,14.615677800000412,27.0,75583.0,True,200,0.2,4096
376,376,14.65523309999844,27.0,75784.0,True,200,0.2,4096
377,377,14.694231800007401,27.0,75985.0,True,200,0.2,4096
378,378,14.733360700018238,27.0,76186.0,True,200,0.2,4096
379,379,14.77232930000173,27.0,76387.0,True,200,0.2,4096
380,380,14.810923700017156,27.0,76588.0,True,200,0.2,4096
381,381,14.85003410000354,27.0,76789.0,True,200,0.2,4096
382,382,14.887765000021318,27.0,76990.0,True,200,0.2,4096
383,383,14.92682250001235,27.0,77191.0,True,200,0.2,4096
384,384,14.966383899998618,27.0,77392.0,True,200,0.2,4096
385,385,15.005589300009888,27.0,77593.0,True,200,0.2,4096
386,386,15.04537320000236,27.0,77794.0,True,200,0.2,4096
387,387,15.084277200017823,27.0,77995.0,True,200,0.2,4096
388,388,15.123030000017025,27.0,78196.0,True,200,0.2,4096
389,389,15.162435300007928,27.0,78397.0,True,200,0.2,4096
390,390,15.201540500012925,27.0,78598.0,True,200,0.2,4096
391,391,15.247894600004656,27.0,78799.0,True,200,0.2,4096
392,392,15.285122200002661,27.0,79000.0,True,200,0.2,4096
393,393,15.322060000005877,27.0,79201.0,True,200,0.2,4096
394,394,15.360921200015582,27.0,79402.0,True,200,0.2,4096
395,395,15.400170700013405,27.0,79603.0,True,200,0.2,4096
396,396,15.439579400001094,27.0,79804.0,True,200,0.2,4096
397,397,15.478570800012676,27.0,80005.0,True,200,0.2,4096
398,398,15.516929900011746,27.0,80206.0,True,200,0.2,4096
399,399,15.555455299996538,27.0,80407.0,True,200,0.2,4096
400,400,15.596959100017557,27.0,80608.0,True,200,0.2,4096
401,401,15.634789500007173,27.0,80809.0,True,200,0.2,4096
402,402,15.673062400019262,27.0,81010.0,True,200,0.2,4096
403,403,15.712920400022995,27.0,81211.0,True,200,0.2,4096
404,404,15.752390200010268,27.0,81412.0,True,200,0.2,4096
405,405,15.793032400019001,27.0,81613.0,True,200,0.2,4096
406,406,15.832518300012453,27.0,81814.0,True,200,0.2,4096
407,407,15.870728800015058,27.0,82015.0,True,200,0.2,4096
408,408,15.910780100006377,27.0,82216.0,True,200,0.2,4096
409,409,15.94844780000858,27.0,82417.0,True,200,0.2,4096
410,410,15.987122600025032,27.0,82618.0,True,200,0.2,4096
411,411,16.024906800012104,27.0,82819.0,True,200,0.2,4096
412,412,16.063504600024316,27.0,83020.0,True,200,0.2,4096
413,413,16.10258090001298,27.0,83221.0,True,200,0.2,4096
414,414,16.1412105000054,27.0,83422.0,True,200,0.2,4096
415,415,16.179560300020967,27.0,83623.0,True,200,0.2,4096
416,416,16.218714700022247,27.0,83824.0,True,200,0.2,4096
417,417,16.258151200017892,27.0,84025.0,True,200,0.2,4096
418,418,16.299049499997636,27.0,84226.0,True,200,0.2,4096
419,419,16.338124500005506,27.0,84427.0,True,200,0.2,4096
420,420,16.378340900002513,27.0,84628.0,True,200,0.2,4096
421,421,16.417642200016417,27.0,84829.0,True,200,0.2,4096
422,422,16.456030100001954,27.0,85030.0,True,200,0.2,4096
423,423,16.494411100022262,27.0,85231.0,True,200,0.2,4096
424,424,16.532476300024427,27.0,85432.0,True,200,0.2,4096
425,425,16.569804900005693,27.0,85633.0,True,200,0.2,4096
426,426,16.606798799999524,27.0,85834.0,True,200,0.2,4096
427,427,16.645425700000487,27.0,86035.0,True,200,0.2,4096
428,428,16.684561400004895,27.0,86236.0,True,200,0.2,4096
429,429,16.722483200021088,27.0,86437.0,True,200,0.2,4096
430,430,16.76185790001182,27.0,86638.0,True,200,0.2,4096
431,431,16.799675500020385,27.0,86839.0,True,200,0.2,4096
432,432,16.837209899997106,27.0,87040.0,True,200,0.2,4096
433,433,16.874611000006553,27.0,87241.0,True,200,0.2,4096
434,434,16.914404600014677,27.0,87442.0,True,200,0.2,4096
435,435,16.95315740001388,27.0,87643.0,True,200,0.2,4096
436,436,16.991539900016505,27.0,87844.0,True,200,0.2,4096
437,437,17.02980060002301,27.0,88045.0,True,200,0.2,4096
438,438,17.06744520002394,27.0,88246.0,True,200,0.2,4096
439,439,17.10511210002005,27.0,88447.0,True,200,0.2,4096
440,440,17.14313770001172,27.0,88648.0,True,200,0.2,4096
441,441,17.181513300020015,27.0,88849.0,True,200,0.2,4096
442,442,17.220250600017607,27.0,89050.0,True,200,0.2,4096
443,443,17.257816500001354,27.0,89251.0,True,200,0.2,4096
444,444,17.294298000022536,27.0,89452.0,True,200,0.2,4096
445,445,17.332229599996936,27.0,89653.0,True,200,0.2,4096
446,446,17.370454800024163,27.0,89854.0,True,200,0.2,4096
447,447,17.408959499996854,27.0,90055.0,True,200,0.2,4096
448,448,17.44707870000275,27.0,90256.0,True,200,0.2,4096
449,449,17.4836648000055,27.0,90457.0,True,200,0.2,4096
450,450,17.52139629999874,27.0,90658.0,True,200,0.2,4096
451,451,17.558642700023483,27.0,90859.0,True,200,0.2,4096
452,452,17.596277000004193,27.0,91060.0,True,200,0.2,4096
453,453,17.63424590000068,27.0,91261.0,True,200,0.2,4096
454,454,17.66964830001234,27.0,91462.0,True,200,0.2,4096
455,455,17.707169500004966,27.0,91663.0,True,200,0.2,4096
456,456,17.744499599997653,27.0,91864.0,True,200,0.2,4096
457,457,17.78162650001468,27.0,92065.0,True,200,0.2,4096
458,458,17.82042740000179,27.0,92266.0,True,200,0.2,4096
459,459,17.858278400002746,27.0,92467.0,True,200,0.2,4096
460,460,17.89698610000778,27.0,92668.0,True,200,0.2,4096
461,461,17.93595870002173,27.0,92869.0,True,200,0.2,4096
462,462,17.974203400022816,27.0,93070.0,True,200,0.2,4096
463,463,18.011549800023204,27.0,93271.0,True,200,0.2,4096
464,464,18.050277700007427,27.0,93472.0,True,200,0.2,4096
465,465,18.089039200014668,27.0,93673.0,True,200,0.2,4096
466,466,18.128554700000677,27.0,93874.0,True,200,0.2,4096
467,467,18.166405900003156,27.0,94075.0,True,200,0.2,4096
468,468,18.206092900014482,27.0,94276.0,True,200,0.2,4096
469,469,18.24442820000695,27.0,94477.0,True,200,0.2,4096
470,470,18.282937400013907,27.0,94678.0,True,200,0.2,4096
471,471,18.32278740001493,27.0,94879.0,True,200,0.2,4096
472,472,18.36233770000399,27.0,95080.0,True,200,0.2,4096
473,473,18.40191539999796,27.0,95281.0,True,200,0.2,4096
474,474,18.443605700012995,27.0,95482.0,True,200,0.2,4096
475,475,18.48052430001553,27.0,95683.0,True,200,0.2,4096
476,476,18.51647500001127,27.0,95884.0,True,200,0.2,4096
477,477,18.552330700011225,27.0,96085.0,True,200,0.2,4096
478,478,18.590078200009884,27.0,96286.0,True,200,0.2,4096
479,479,18.629283200018108,27.0,96487.0,True,200,0.2,4096
480,480,18.669641100015724,27.0,96688.0,True,200,0.2,4096
481,481,18.70810540000093,27.0,96889.0,True,200,0.2,4096
482,482,18.745733700023266,27.0,97090.0,True,200,0.2,4096
483,483,18.784194400010165,27.0,97291.0,True,200,0.2,4096
484,484,18.823588400002336,27.0,97492.0,True,200,0.2,4096
485,485,18.86337150001782,27.0,97693.0,True,200,0.2,4096
486,486,18.902635400008876,27.0,97894.0,True,200,0.2,4096
487,487,18.940536100009922,27.0,98095.0,True,200,0.2,4096
488,488,18.977923099999316,27.0,98296.0,True,200,0.2,4096
489,489,19.014745599997696,27.0,98497.0,True,200,0.2,4096
490,490,19.05222740001045,27.0,98698.0,True,200,0.2,4096
491,491,19.09145370000624,27.0,98899.0,True,200,0.2,4096
492,492,19.129389700014144,27.0,99100.0,True,200,0.2,4096
493,493,19.167786100006197,27.0,99301.0,True,200,0.2,4096
494,494,19.209764700004598,27.0,99502.0,True,200,0.2,4096
495,495,19.248293400014518,27.0,99703.0,True,200,0.2,4096
496,496,19.288572500023292,27.0,99904.0,True,200,0.2,4096
497,497,19.326890700001968,27.0,100105.0,True,200,0.2,4096
498,498,19.364230800012592,27.0,100306.0,True,200,0.2,4096
499,499,19.402779299998656,27.0,100507.0,True,200,0.2,4096
500,500,19.442525799997384,27.0,100708.0,True,200,0.2,4096
501,501,19.47996530000819,27.0,100909.0,True,200,0.2,4096
502,502,19.515995800000383,27.0,101110.0,True,200,0.2,4096
503,503,19.55225970002357,27.0,101311.0,True,200,0.2,4096
504,504,19.589202900009695,27.0,101512.0,True,200,0.2,4096
505,505,19.629999099997804,27.0,101713.0,True,200,0.2,4096
506,506,19.667772300017532,27.0,101914.0,True,200,0.2,4096
507,507,19.7068768000172,27.0,102115.0,True,200,0.2,4096
508,508,19.74409540000488,27.0,102316.0,True,200,0.2,4096
509,509,19.782563000015216,27.0,102517.0,True,200,0.2,4096
510,510,19.820436600013636,27.0,102718.0,True,200,0.2,4096
511,511,19.858138100011274,27.0,102919.0,True,200,0.2,4096
512,512,19.896881100023165,27.0,103120.0,True,200,0.2,4096
513,513,19.94070490001468,27.0,103321.0,True,200,0.2,4096
514,514,19.97940579999704,27.0,103522.0,True,200,0.2,4096
515,515,20.01802420002059,27.0,103723.0,True,200,0.2,4096
516,516,20.056402100017294,27.0,103924.0,True,200,0.2,4096
517,517,20.09579069999745,27.0,104125.0,True,200,0.2,4096
