,Iteration,Time,Fitness,FEvals,Restarts,max_iters,current_restart
0,0,7.489998824894428e-05,0.0,0.0,0,8192,0
1,1,0.0025136999902315438,0.0,1.0,0,8192,0
2,2,0.004037599981529638,0.0,2.0,0,8192,0
3,3,0.0056099999928846955,0.0,3.0,0,8192,0
4,4,0.005631199979688972,0.0,4.0,0,8192,0
5,5,0.007182400004239753,4.0,6.0,0,8192,0
6,6,0.007214399985969067,7.0,8.0,0,8192,0
7,7,0.007229999988339841,7.0,9.0,0,8192,0
8,8,0.007251699978951365,7.0,10.0,0,8192,0
9,9,0.009022099984576926,9.0,12.0,0,8192,0
10,10,0.009043500002007931,9.0,13.0,0,8192,0
11,11,0.009057899995241314,9.0,14.0,0,8192,0
12,12,0.009072199987713248,9.0,15.0,0,8192,0
13,13,0.009085400000913069,9.0,16.0,0,8192,0
14,14,0.009099299990339205,9.0,17.0,0,8192,0
15,15,0.009113499982049689,9.0,18.0,0,8192,0
16,16,0.009127600002102554,9.0,19.0,0,8192,0
17,17,0.010727399989264086,9.0,20.0,0,8192,0
18,18,0.010750799992820248,9.0,21.0,0,8192,0
19,19,0.010768499982077628,9.0,22.0,0,8192,0
20,20,0.01078309997683391,9.0,23.0,0,8192,0
21,21,0.010798300005262718,9.0,24.0,0,8192,0
22,22,0.010812499996973202,9.0,25.0,0,8192,0
23,23,0.01082759999553673,9.0,26.0,0,8192,0
24,24,0.010841699986485764,9.0,27.0,0,8192,0
25,25,0.010856899985810742,9.0,28.0,0,8192,0
26,26,0.010872599988942966,9.0,29.0,0,8192,0
27,27,0.010887699987506494,9.0,30.0,0,8192,0
28,28,0.010903299989877269,9.0,31.0,0,8192,0
29,29,0.01091949999681674,9.0,32.0,0,8192,0
30,30,0.01093570000375621,9.0,33.0,0,8192,0
31,31,0.01095189998159185,9.0,34.0,0,8192,0
32,32,0.010967999987769872,9.0,35.0,0,8192,0
33,33,0.01247369998600334,9.0,36.0,0,8192,0
34,34,0.012499399977969006,9.0,37.0,0,8192,0
35,35,0.012517900002421811,9.0,38.0,0,8192,0
36,36,0.012535199988633394,9.0,39.0,0,8192,0
37,37,0.012552500003948808,9.0,40.0,0,8192,0
38,38,0.012569599988637492,9.0,41.0,0,8192,0
39,39,0.012586700002430007,9.0,42.0,0,8192,0
40,40,0.012603399984072894,9.0,43.0,0,8192,0
41,41,0.012621400004718453,9.0,44.0,0,8192,0
42,42,0.012638699990930036,9.0,45.0,0,8192,0
43,43,0.01265580000472255,9.0,46.0,0,8192,0
44,44,0.01267369999550283,9.0,47.0,0,8192,0
45,45,0.012692199990851805,9.0,48.0,0,8192,0
46,46,0.012710399983916432,9.0,49.0,0,8192,0
47,47,0.012728100002277642,9.0,50.0,0,8192,0
48,48,0.012746699998388067,9.0,51.0,0,8192,0
49,49,0.012766100000590086,9.0,52.0,0,8192,0
50,50,0.012784199992893264,9.0,53.0,0,8192,0
51,51,0.012808200001018122,9.0,54.0,0,8192,0
52,52,0.0128262999933213,9.0,55.0,0,8192,0
53,53,0.012844899989431724,9.0,56.0,0,8192,0
54,54,0.012863999989349395,9.0,57.0,0,8192,0
55,55,0.012883099989267066,9.0,58.0,0,8192,0
56,56,0.012902399990707636,9.0,59.0,0,8192,0
57,57,0.012921799992909655,9.0,60.0,0,8192,0
58,58,0.01294179999968037,9.0,61.0,0,8192,0
59,59,0.012961999978870153,9.0,62.0,0,8192,0
60,60,0.012982399988686666,9.0,63.0,0,8192,0
61,61,0.013002699997741729,9.0,64.0,0,8192,0
62,62,0.013022099999943748,9.0,65.0,0,8192,0
63,63,0.01304239997989498,9.0,66.0,0,8192,0
64,64,0.01306329999351874,9.0,67.0,0,8192,0
65,65,0.014971399999922141,9.0,68.0,0,8192,0
66,66,0.01500419998774305,9.0,69.0,0,8192,0
67,67,0.01502799999434501,9.0,70.0,0,8192,0
68,68,0.015049599984195083,9.0,71.0,0,8192,0
69,69,0.015071599977090955,9.0,72.0,0,8192,0
70,70,0.015094400005182251,9.0,73.0,0,8192,0
71,71,0.015127499995287508,9.0,74.0,0,8192,0
72,72,0.015152799984207377,9.0,75.0,0,8192,0
73,73,0.015175699983956292,9.0,76.0,0,8192,0
74,74,0.015199299989035353,9.0,77.0,0,8192,0
75,75,0.015222799993352965,9.0,78.0,0,8192,0
76,76,0.015245999995386228,9.0,79.0,0,8192,0
77,77,0.015269700001226738,9.0,80.0,0,8192,0
78,78,0.015293399977963418,9.0,81.0,0,8192,0
79,79,0.01531689998228103,9.0,82.0,0,8192,0
80,80,0.015340799989644438,9.0,83.0,0,8192,0
81,81,0.01536409999243915,9.0,84.0,0,8192,0
82,82,0.015388200001325458,9.0,85.0,0,8192,0
83,83,0.015412799984915182,9.0,86.0,0,8192,0
84,84,0.015436199988471344,9.0,87.0,0,8192,0
85,85,0.015460399998119101,9.0,88.0,0,8192,0
86,86,0.015487500000745058,9.0,89.0,0,8192,0
87,87,0.015514500002609566,9.0,90.0,0,8192,0
88,88,0.015537999977823347,9.0,91.0,0,8192,0
89,89,0.015562599990516901,9.0,92.0,0,8192,0
90,90,0.015588099980959669,9.0,93.0,0,8192,0
91,91,0.01561319999746047,9.0,94.0,0,8192,0
92,92,0.01563819998409599,9.0,95.0,0,8192,0
93,93,0.01566330000059679,9.0,96.0,0,8192,0
94,94,0.01568709997809492,9.0,97.0,0,8192,0
95,95,0.01571069998317398,9.0,98.0,0,8192,0
96,96,0.015735599998151883,9.0,99.0,0,8192,0
97,97,0.015760799986310303,9.0,100.0,0,8192,0
98,98,0.015785900002811104,9.0,101.0,0,8192,0
99,99,0.015812500001629815,9.0,102.0,0,8192,0
100,100,0.015841699991142377,9.0,103.0,0,8192,0
101,101,0.01587239999207668,9.0,104.0,0,8192,0
102,102,0.015898499987088144,9.0,105.0,0,8192,0
103,103,0.015925299987429753,9.0,106.0,0,8192,0
104,104,0.015951299981679767,9.0,107.0,0,8192,0
105,105,0.015979699994204566,9.0,108.0,0,8192,0
106,106,0.01600589998997748,9.0,109.0,0,8192,0
107,107,0.016033099993364885,9.0,110.0,0,8192,0
108,108,0.01606080000055954,9.0,111.0,0,8192,0
109,109,0.016089199983980507,9.0,112.0,0,8192,0
110,110,0.016116499988129362,9.0,113.0,0,8192,0
111,111,0.016143199987709522,9.0,114.0,0,8192,0
112,112,0.01617039999109693,9.0,115.0,0,8192,0
113,113,0.016197799996007234,9.0,116.0,0,8192,0
114,114,0.016231599991442636,9.0,117.0,0,8192,0
115,115,0.016260899981716648,9.0,118.0,0,8192,0
116,116,0.016289699997287244,9.0,119.0,0,8192,0
117,117,0.016319199989084154,9.0,120.0,0,8192,0
118,118,0.016347500000847504,9.0,121.0,0,8192,0
119,119,0.01637619998655282,9.0,122.0,0,8192,0
120,120,0.016405300004407763,9.0,123.0,0,8192,0
121,121,0.016434999997727573,9.0,124.0,0,8192,0
122,122,0.01646359998267144,9.0,125.0,0,8192,0
123,123,0.016492399998242036,9.0,126.0,0,8192,0
124,124,0.016522299993084744,9.0,127.0,0,8192,0
125,125,0.016552799992496148,9.0,128.0,0,8192,0
126,126,0.016585599980317056,9.0,129.0,0,8192,0
127,127,0.016618699999526143,9.0,130.0,0,8192,0
128,128,0.01664899999741465,9.0,131.0,0,8192,0
129,129,0.018649599980562925,9.0,132.0,0,8192,0
130,130,0.01869019999867305,9.0,133.0,0,8192,0
131,131,0.01872459999867715,9.0,134.0,0,8192,0
132,132,0.018756000004941598,9.0,135.0,0,8192,0
133,133,0.018786400003591552,9.0,136.0,0,8192,0
134,134,0.01881789998151362,9.0,137.0,0,8192,0
135,135,0.018848599982447922,9.0,138.0,0,8192,0
136,136,0.018886799982283264,9.0,139.0,0,8192,0
137,137,0.018923800002085045,9.0,140.0,0,8192,0
138,138,0.01895549998153001,9.0,141.0,0,8192,0
139,139,0.018987199990078807,9.0,142.0,0,8192,0
140,140,0.019018499995581806,9.0,143.0,0,8192,0
141,141,0.01905039997654967,9.0,144.0,0,8192,0
142,142,0.01908299999195151,9.0,145.0,0,8192,0
143,143,0.019114499998977408,9.0,146.0,0,8192,0
144,144,0.01914689998375252,9.0,147.0,0,8192,0
145,145,0.019180499977665022,9.0,148.0,0,8192,0
146,146,0.019213799998397008,9.0,149.0,0,8192,0
147,147,0.019249899982241914,9.0,150.0,0,8192,0
148,148,0.019287799979792908,9.0,151.0,0,8192,0
149,149,0.0193229999858886,9.0,152.0,0,8192,0
150,150,0.01935729998513125,9.0,153.0,0,8192,0
151,151,0.01938959999824874,9.0,154.0,0,8192,0
152,152,0.0194220999837853,9.0,155.0,0,8192,0
153,153,0.019455500005278736,9.0,156.0,0,8192,0
154,154,0.019486599980155006,9.0,157.0,0,8192,0
155,155,0.019518199987942353,9.0,158.0,0,8192,0
156,156,0.019550199998775497,9.0,159.0,0,8192,0
157,157,0.019581400003517047,9.0,160.0,0,8192,0
158,158,0.01961659998050891,9.0,161.0,0,8192,0
159,159,0.019652899994980544,9.0,162.0,0,8192,0
160,160,0.01968589998432435,9.0,163.0,0,8192,0
161,161,0.019719399977475405,9.0,164.0,0,8192,0
162,162,0.019752099993638694,9.0,165.0,0,8192,0
163,163,0.01978519998374395,9.0,166.0,0,8192,0
164,164,0.019818300002953038,9.0,167.0,0,8192,0
165,165,0.01985209999838844,9.0,168.0,0,8192,0
166,166,0.019885099987732247,9.0,169.0,0,8192,0
167,167,0.019919399986974895,9.0,170.0,0,8192,0
168,168,0.01995429999078624,9.0,171.0,0,8192,0
169,169,0.01999709999654442,9.0,172.0,0,8192,0
170,170,0.02003419998800382,9.0,173.0,0,8192,0
171,171,0.020070600003236905,9.0,174.0,0,8192,0
172,172,0.02010669998708181,9.0,175.0,0,8192,0
173,173,0.020144999987678602,9.0,176.0,0,8192,0
174,174,0.02018110000062734,9.0,177.0,0,8192,0
175,175,0.020217599987518042,9.0,178.0,0,8192,0
176,176,0.02025370000046678,9.0,179.0,0,8192,0
177,177,0.020291099994210526,9.0,180.0,0,8192,0
178,178,0.020331599982455373,9.0,181.0,0,8192,0
179,179,0.020372999977553263,9.0,182.0,0,8192,0
180,180,0.020411399978911504,9.0,183.0,0,8192,0
181,181,0.020448299997951835,9.0,184.0,0,8192,0
182,182,0.020486599998548627,9.0,185.0,0,8192,0
183,183,0.02052329998696223,9.0,186.0,0,8192,0
184,184,0.020559900003718212,9.0,187.0,0,8192,0
185,185,0.020594999979948625,9.0,188.0,0,8192,0
186,186,0.020630699989851564,9.0,189.0,0,8192,0
187,187,0.020667399978265166,9.0,190.0,0,8192,0
188,188,0.0207069999887608,9.0,191.0,0,8192,0
189,189,0.02074710000306368,9.0,192.0,0,8192,0
190,190,0.020783499989192933,9.0,193.0,0,8192,0
191,191,0.020820099976845086,9.0,194.0,0,8192,0
192,192,0.020855599985225126,9.0,195.0,0,8192,0
193,193,0.020891799998935312,9.0,196.0,0,8192,0
194,194,0.02094119999674149,9.0,197.0,0,8192,0
195,195,0.020979900000384077,9.0,198.0,0,8192,0
196,196,0.021017699997173622,9.0,199.0,0,8192,0
197,197,0.021058699989225715,9.0,200.0,0,8192,0
198,198,0.021099899982800707,9.0,201.0,0,8192,0
199,199,0.021138399984920397,9.0,202.0,0,8192,0
200,200,0.02117789999465458,9.0,203.0,0,8192,0
201,201,0.02122709999093786,9.0,204.0,0,8192,0
202,202,0.02126710000447929,9.0,205.0,0,8192,0
203,203,0.021307199989678338,9.0,206.0,0,8192,0
204,204,0.021347699977923185,9.0,207.0,0,8192,0
205,205,0.021387999993748963,9.0,208.0,0,8192,0
206,206,0.02143159997649491,9.0,209.0,0,8192,0
207,207,0.02147409997996874,9.0,210.0,0,8192,0
208,208,0.021514099993510172,9.0,211.0,0,8192,0
209,209,0.021553899976424873,9.0,212.0,0,8192,0
210,210,0.021593399986159056,9.0,213.0,0,8192,0
211,211,0.021632499992847443,9.0,214.0,0,8192,0
212,212,0.021672399976523593,9.0,215.0,0,8192,0
213,213,0.02171269999234937,9.0,216.0,0,8192,0
214,214,0.021753399982117116,9.0,217.0,0,8192,0
215,215,0.02179879997856915,9.0,218.0,0,8192,0
216,216,0.02184020000277087,9.0,219.0,0,8192,0
217,217,0.021880799991777167,9.0,220.0,0,8192,0
218,218,0.021921099978499115,9.0,221.0,0,8192,0
219,219,0.021962800004985183,9.0,222.0,0,8192,0
220,220,0.022004099999321625,9.0,223.0,0,8192,0
221,221,0.02204619999974966,9.0,224.0,0,8192,0
222,222,0.022088199999416247,9.0,225.0,0,8192,0
223,223,0.02213219998520799,9.0,226.0,0,8192,0
224,224,0.022176300000865012,9.0,227.0,0,8192,0
225,225,0.0222178999974858,9.0,228.0,0,8192,0
226,226,0.022261699981754646,9.0,229.0,0,8192,0
227,227,0.022303499979898334,9.0,230.0,0,8192,0
228,228,0.022344800003338605,9.0,231.0,0,8192,0
229,229,0.022387999983038753,9.0,232.0,0,8192,0
230,230,0.022429499978898093,9.0,233.0,0,8192,0
231,231,0.022475399979157373,9.0,234.0,0,8192,0
232,232,0.022522099985508248,9.0,235.0,0,8192,0
233,233,0.02256769998348318,9.0,236.0,0,8192,0
234,234,0.022611099993810058,9.0,237.0,0,8192,0
235,235,0.022655499982647598,9.0,238.0,0,8192,0
236,236,0.022700000001350418,9.0,239.0,0,8192,0
237,237,0.022745099995518103,9.0,240.0,0,8192,0
238,238,0.022792000003391877,9.0,241.0,0,8192,0
239,239,0.022841199999675155,9.0,242.0,0,8192,0
240,240,0.022889799991389737,9.0,243.0,0,8192,0
241,241,0.022937300003832206,9.0,244.0,0,8192,0
242,242,0.022984999988693744,9.0,245.0,0,8192,0
243,243,0.02303139999276027,9.0,246.0,0,8192,0
244,244,0.0230771999922581,9.0,247.0,0,8192,0
245,245,0.02312470000470057,9.0,248.0,0,8192,0
246,246,0.02317369999946095,9.0,249.0,0,8192,0
247,247,0.023224599979585037,9.0,250.0,0,8192,0
248,248,0.023277000000234693,9.0,251.0,0,8192,0
249,249,0.02332779997959733,9.0,252.0,0,8192,0
250,250,0.023377299978164956,9.0,253.0,0,8192,0
251,251,0.023425299994414672,9.0,254.0,0,8192,0
252,252,0.02347309998003766,9.0,255.0,0,8192,0
253,253,0.023522499977843836,9.0,256.0,0,8192,0
254,254,0.023569899989524856,9.0,257.0,0,8192,0
255,255,0.023625200003152713,9.0,258.0,0,8192,0
256,256,0.02367619998403825,9.0,259.0,0,8192,0
257,257,0.026090600003954023,9.0,260.0,0,8192,0
258,258,0.026148199976887554,9.0,261.0,0,8192,0
259,259,0.026198599982308224,9.0,262.0,0,8192,0
260,260,0.02625249998527579,9.0,263.0,0,8192,0
261,261,0.02630450000287965,9.0,264.0,0,8192,0
262,262,0.026351299980888143,9.0,265.0,0,8192,0
263,263,0.026397199981147423,9.0,266.0,0,8192,0
264,264,0.02644359998521395,9.0,267.0,0,8192,0
265,265,0.02648959998623468,9.0,268.0,0,8192,0
266,266,0.026536299992585555,9.0,269.0,0,8192,0
267,267,0.026583999977447093,9.0,270.0,0,8192,0
268,268,0.026637200004188344,9.0,271.0,0,8192,0
269,269,0.02668539999285713,9.0,272.0,0,8192,0
270,270,0.026732900005299598,9.0,273.0,0,8192,0
271,271,0.02677840000251308,9.0,274.0,0,8192,0
272,272,0.026824899978237227,9.0,275.0,0,8192,0
273,273,0.026871799986111,9.0,276.0,0,8192,0
274,274,0.02691929999855347,9.0,277.0,0,8192,0
275,275,0.026968999998643994,9.0,278.0,0,8192,0
276,276,0.027019100001780316,9.0,279.0,0,8192,0
277,277,0.027067699993494898,9.0,280.0,0,8192,0
278,278,0.027115499979117885,9.0,281.0,0,8192,0
279,279,0.027161899983184412,9.0,282.0,0,8192,0
280,280,0.02720949999638833,9.0,283.0,0,8192,0
281,281,0.02725699997972697,9.0,284.0,0,8192,0
282,282,0.02730749998590909,9.0,285.0,0,8192,0
283,283,0.02735910000046715,9.0,286.0,0,8192,0
284,284,0.027407599991420284,9.0,287.0,0,8192,0
285,285,0.027457399992272258,9.0,288.0,0,8192,0
286,286,0.027504999976372346,9.0,289.0,0,8192,0
287,287,0.02755349999642931,9.0,290.0,0,8192,0
288,288,0.027603199996519834,9.0,291.0,0,8192,0
289,289,0.02765559998806566,9.0,292.0,0,8192,0
290,290,0.02770879998570308,9.0,293.0,0,8192,0
291,291,0.027758099982747808,9.0,294.0,0,8192,0
292,292,0.027807299979031086,9.0,295.0,0,8192,0
293,293,0.027856699976837263,9.0,296.0,0,8192,0
294,294,0.027905299997655675,9.0,297.0,0,8192,0
295,295,0.0279549999977462,9.0,298.0,0,8192,0
296,296,0.02800819999538362,9.0,299.0,0,8192,0
297,297,0.028062299999874085,9.0,300.0,0,8192,0
298,298,0.028115599998272955,9.0,301.0,0,8192,0
299,299,0.02816970000276342,9.0,302.0,0,8192,0
300,300,0.028225399990333244,9.0,303.0,0,8192,0
301,301,0.0282835999969393,9.0,304.0,0,8192,0
302,302,0.028338999982224777,9.0,305.0,0,8192,0
303,303,0.028395500004990026,9.0,306.0,0,8192,0
304,304,0.02846030000364408,9.0,307.0,0,8192,0
305,305,0.028516999998828396,9.0,308.0,0,8192,0
306,306,0.028573599993251264,9.0,309.0,0,8192,0
307,307,0.028628600004594773,9.0,310.0,0,8192,0
308,308,0.028686399979051203,9.0,311.0,0,8192,0
309,309,0.028743799979565665,9.0,312.0,0,8192,0
310,310,0.028802699991501868,9.0,313.0,0,8192,0
311,311,0.028859499987447634,9.0,314.0,0,8192,0
312,312,0.02891500000259839,9.0,315.0,0,8192,0
313,313,0.028970499988645315,9.0,316.0,0,8192,0
314,314,0.02902620000531897,9.0,317.0,0,8192,0
315,315,0.02908099998603575,9.0,318.0,0,8192,0
316,316,0.0291399999987334,9.0,319.0,0,8192,0
317,317,0.02919780000229366,9.0,320.0,0,8192,0
318,318,0.02924999999231659,9.0,321.0,0,8192,0
319,319,0.02930339999147691,9.0,322.0,0,8192,0
320,320,0.029357399995205924,9.0,323.0,0,8192,0
321,321,0.029412100004265085,9.0,324.0,0,8192,0
322,322,0.029468799999449402,9.0,325.0,0,8192,0
323,323,0.02952559999539517,9.0,326.0,0,8192,0
324,324,0.02958020000369288,9.0,327.0,0,8192,0
325,325,0.02963499998440966,9.0,328.0,0,8192,0
326,326,0.02968969999346882,9.0,329.0,0,8192,0
327,327,0.029745299980277196,9.0,330.0,0,8192,0
328,328,0.029799999989336357,9.0,331.0,0,8192,0
329,329,0.02985599997919053,9.0,332.0,0,8192,0
330,330,0.029914099985035136,9.0,333.0,0,8192,0
331,331,0.0299712999840267,9.0,334.0,0,8192,0
332,332,0.030027999979211017,9.0,335.0,0,8192,0
333,333,0.030083199992077425,9.0,336.0,0,8192,0
334,334,0.030139599984977394,9.0,337.0,0,8192,0
335,335,0.0301982999953907,9.0,338.0,0,8192,0
336,336,0.030258099985076115,9.0,339.0,0,8192,0
337,337,0.030314000003272668,9.0,340.0,0,8192,0
338,338,0.030370599997695535,9.0,341.0,0,8192,0
339,339,0.030426599987549707,9.0,342.0,0,8192,0
340,340,0.03048549999948591,9.0,343.0,0,8192,0
341,341,0.030545099987648427,9.0,344.0,0,8192,0
342,342,0.030606699991039932,9.0,345.0,0,8192,0
343,343,0.030662699980894104,9.0,346.0,0,8192,0
344,344,0.030718900001375005,9.0,347.0,0,8192,0
345,345,0.03077459998894483,9.0,348.0,0,8192,0
346,346,0.030831899988697842,9.0,349.0,0,8192,0
347,347,0.03089019999606535,9.0,350.0,0,8192,0
348,348,0.03095089999260381,9.0,351.0,0,8192,0
349,349,0.031007899990072474,9.0,352.0,0,8192,0
350,350,0.031065699993632734,9.0,353.0,0,8192,0
351,351,0.031123399996431544,9.0,354.0,0,8192,0
352,352,0.031181099999230355,9.0,355.0,0,8192,0
353,353,0.031243699981132522,9.0,356.0,0,8192,0
354,354,0.031304000003729016,9.0,357.0,0,8192,0
355,355,0.031361699977423996,9.0,358.0,0,8192,0
356,356,0.03141889997641556,9.0,359.0,0,8192,0
357,357,0.031477499986067414,9.0,360.0,0,8192,0
358,358,0.03153419998125173,9.0,361.0,0,8192,0
359,359,0.031594500003848225,9.0,362.0,0,8192,0
360,360,0.031655899976613,9.0,363.0,0,8192,0
361,361,0.031714399985503405,9.0,364.0,0,8192,0
362,362,0.031772099988302216,9.0,365.0,0,8192,0
363,363,0.03183249998255633,9.0,366.0,0,8192,0
364,364,0.03189319997909479,9.0,367.0,0,8192,0
365,365,0.03195370000321418,9.0,368.0,0,8192,0
366,366,0.032016599987400696,9.0,369.0,0,8192,0
367,367,0.03207719998317771,9.0,370.0,0,8192,0
368,368,0.03213740000501275,9.0,371.0,0,8192,0
369,369,0.032200599991483614,9.0,372.0,0,8192,0
370,370,0.032260999985737726,9.0,373.0,0,8192,0
371,371,0.03232609998667613,9.0,374.0,0,8192,0
372,372,0.03238809999311343,9.0,375.0,0,8192,0
373,373,0.0324471999774687,9.0,376.0,0,8192,0
374,374,0.03250659999321215,9.0,377.0,0,8192,0
375,375,0.032581299979938194,9.0,378.0,0,8192,0
376,376,0.03266179998172447,9.0,379.0,0,8192,0
377,377,0.03274149997741915,9.0,380.0,0,8192,0
378,378,0.0328041999891866,9.0,381.0,0,8192,0
379,379,0.03286320000188425,9.0,382.0,0,8192,0
380,380,0.032923499995376915,9.0,383.0,0,8192,0
381,381,0.03298479999648407,9.0,384.0,0,8192,0
382,382,0.03305009999894537,9.0,385.0,0,8192,0
383,383,0.033113199984654784,9.0,386.0,0,8192,0
384,384,0.033175199991092086,9.0,387.0,0,8192,0
385,385,0.03323629999067634,9.0,388.0,0,8192,0
386,386,0.03329619998112321,9.0,389.0,0,8192,0
387,387,0.03335779998451471,9.0,390.0,0,8192,0
388,388,0.033421300002373755,9.0,391.0,0,8192,0
389,389,0.033486600004835054,9.0,392.0,0,8192,0
390,390,0.033547200000612065,9.0,393.0,0,8192,0
391,391,0.03360989998327568,9.0,394.0,0,8192,0
392,392,0.03367199999047443,9.0,395.0,0,8192,0
393,393,0.033735299977706745,9.0,396.0,0,8192,0
394,394,0.0338000999763608,9.0,397.0,0,8192,0
395,395,0.03386369999498129,9.0,398.0,0,8192,0
396,396,0.033926499978406355,9.0,399.0,0,8192,0
397,397,0.03399060000083409,9.0,400.0,0,8192,0
398,398,0.03405279997969046,9.0,401.0,0,8192,0
399,399,0.034117399976821616,9.0,402.0,0,8192,0
400,400,0.034184099989943206,9.0,403.0,0,8192,0
401,401,0.03424919999088161,9.0,404.0,0,8192,0
402,402,0.03431239997735247,9.0,405.0,0,8192,0
403,403,0.034376800002064556,9.0,406.0,0,8192,0
404,404,0.034443499986082315,9.0,407.0,0,8192,0
405,405,0.0345108000037726,9.0,408.0,0,8192,0
406,406,0.034573899989482015,9.0,409.0,0,8192,0
407,407,0.03463789998204447,9.0,410.0,0,8192,0
408,408,0.03470089999609627,9.0,411.0,0,8192,0
409,409,0.03476409998256713,9.0,412.0,0,8192,0
410,410,0.03483239997876808,9.0,413.0,0,8192,0
411,411,0.034898499987320974,9.0,414.0,0,8192,0
412,412,0.03496409999206662,9.0,415.0,0,8192,0
413,413,0.03502829998615198,9.0,416.0,0,8192,0
414,414,0.03509140000096522,9.0,417.0,0,8192,0
415,415,0.035157499980414286,9.0,418.0,0,8192,0
416,416,0.03522709998651408,9.0,419.0,0,8192,0
417,417,0.03529309999430552,9.0,420.0,0,8192,0
418,418,0.03535890000057407,9.0,421.0,0,8192,0
419,419,0.03542549998383038,9.0,422.0,0,8192,0
420,420,0.035496900003636256,9.0,423.0,0,8192,0
421,421,0.0355658000044059,9.0,424.0,0,8192,0
422,422,0.0356366999913007,9.0,425.0,0,8192,0
423,423,0.03570369997760281,9.0,426.0,0,8192,0
424,424,0.03577029998996295,9.0,427.0,0,8192,0
425,425,0.035839199990732595,9.0,428.0,0,8192,0
426,426,0.03590809999150224,9.0,429.0,0,8192,0
427,427,0.03597460000310093,9.0,430.0,0,8192,0
428,428,0.036040499981027097,9.0,431.0,0,8192,0
429,429,0.03610699999262579,9.0,432.0,0,8192,0
430,430,0.036178399983327836,9.0,433.0,0,8192,0
431,431,0.03625019997707568,9.0,434.0,0,8192,0
432,432,0.03631999998469837,9.0,435.0,0,8192,0
433,433,0.0363915000052657,9.0,436.0,0,8192,0
434,434,0.03646419997676276,9.0,437.0,0,8192,0
435,435,0.03653809998650104,9.0,438.0,0,8192,0
436,436,0.03661660000216216,9.0,439.0,0,8192,0
437,437,0.0366922999965027,9.0,440.0,0,8192,0
438,438,0.036763699987204745,9.0,441.0,0,8192,0
439,439,0.03683729999465868,9.0,442.0,0,8192,0
440,440,0.03690849998383783,9.0,443.0,0,8192,0
441,441,0.036982899997383356,9.0,444.0,0,8192,0
442,442,0.0370552999956999,9.0,445.0,0,8192,0
443,443,0.03712439999799244,9.0,446.0,0,8192,0
444,444,0.03720189997693524,9.0,447.0,0,8192,0
445,445,0.03727390000130981,9.0,448.0,0,8192,0
446,446,0.03735129997949116,9.0,449.0,0,8192,0
447,447,0.03742280000005849,9.0,450.0,0,8192,0
448,448,0.037491399998543784,9.0,451.0,0,8192,0
449,449,0.037562399986200035,9.0,452.0,0,8192,0
450,450,0.037634999986039475,9.0,453.0,0,8192,0
451,451,0.037709399999585,9.0,454.0,0,8192,0
452,452,0.03777789999730885,9.0,455.0,0,8192,0
453,453,0.037849599990295246,9.0,456.0,0,8192,0
454,454,0.037922599993180484,9.0,457.0,0,8192,0
455,455,0.03799719997914508,9.0,458.0,0,8192,0
456,456,0.03807449998566881,9.0,459.0,0,8192,0
457,457,0.03815320000285283,9.0,460.0,0,8192,0
458,458,0.038224799995077774,9.0,461.0,0,8192,0
459,459,0.03829769999720156,9.0,462.0,0,8192,0
460,460,0.0383709000016097,9.0,463.0,0,8192,0
461,461,0.03844619999290444,9.0,464.0,0,8192,0
462,462,0.03851749998284504,9.0,465.0,0,8192,0
463,463,0.03858979998040013,9.0,466.0,0,8192,0
464,464,0.03866209997795522,9.0,467.0,0,8192,0
465,465,0.038738599978387356,9.0,468.0,0,8192,0
466,466,0.038814400002593175,9.0,469.0,0,8192,0
467,467,0.038886900001671165,9.0,470.0,0,8192,0
468,468,0.03895879999618046,9.0,471.0,0,8192,0
469,469,0.03904919998603873,9.0,472.0,0,8192,0
470,470,0.03914849998545833,9.0,473.0,0,8192,0
471,471,0.03922399997827597,9.0,474.0,0,8192,0
472,472,0.03929769998649135,9.0,475.0,0,8192,0
473,473,0.03937109999242239,9.0,476.0,0,8192,0
474,474,0.03944349999073893,9.0,477.0,0,8192,0
475,475,0.039523799991002306,9.0,478.0,0,8192,0
476,476,0.03959729999769479,9.0,479.0,0,8192,0
477,477,0.03967099997680634,9.0,480.0,0,8192,0
478,478,0.03980869997758418,9.0,481.0,0,8192,0
479,479,0.03991629998199642,9.0,482.0,0,8192,0
480,480,0.03999459999613464,9.0,483.0,0,8192,0
481,481,0.04006830000435002,9.0,484.0,0,8192,0
482,482,0.04014109997660853,9.0,485.0,0,8192,0
483,483,0.04021259999717586,9.0,486.0,0,8192,0
484,484,0.04028649997781031,9.0,487.0,0,8192,0
485,485,0.04035929997917265,9.0,488.0,0,8192,0
486,486,0.04043599998112768,9.0,489.0,0,8192,0
487,487,0.040506499994080514,9.0,490.0,0,8192,0
488,488,0.04057829998782836,9.0,491.0,0,8192,0
489,489,0.04065119998995215,9.0,492.0,0,8192,0
490,490,0.04072289998293854,9.0,493.0,0,8192,0
491,491,0.040796499990392476,9.0,494.0,0,8192,0
492,492,0.04086989999632351,9.0,495.0,0,8192,0
493,493,0.0409425999969244,9.0,496.0,0,8192,0
494,494,0.041015900002093986,9.0,497.0,0,8192,0
495,495,0.041090099985012785,9.0,498.0,0,8192,0
496,496,0.04116500000236556,9.0,499.0,0,8192,0
497,497,0.041238399979192764,9.0,500.0,0,8192,0
498,498,0.04131309999502264,9.0,501.0,0,8192,0
499,499,0.04138829998555593,9.0,502.0,0,8192,0
500,500,0.04146219999529421,9.0,503.0,0,8192,0
501,501,0.04154159998870455,9.0,504.0,0,8192,0
502,502,0.041622099990490824,9.0,505.0,0,8192,0
503,503,0.04170020000310615,9.0,506.0,0,8192,0
504,504,0.04177379998145625,9.0,507.0,0,8192,0
505,505,0.04184829999576323,9.0,508.0,0,8192,0
506,506,0.041924099990865216,9.0,509.0,0,8192,0
507,507,0.042005900002550334,9.0,510.0,0,8192,0
508,508,0.04208339998149313,9.0,511.0,0,8192,0
509,509,0.042161199991824105,9.0,512.0,0,8192,0
510,510,0.04224300000350922,9.0,513.0,0,8192,0
511,511,0.042325699992943555,9.0,514.0,0,8192,0
512,512,0.04240330000175163,9.0,515.0,0,8192,0
513,513,0.045856399985495955,9.0,516.0,0,8192,0
514,514,0.045971999992616475,9.0,517.0,0,8192,0
515,515,0.046071299992036074,9.0,518.0,0,8192,0
516,516,0.046155799995176494,9.0,519.0,0,8192,0
517,517,0.046238499984610826,9.0,520.0,0,8192,0
518,518,0.04632130000391044,9.0,521.0,0,8192,0
519,519,0.04640969997853972,9.0,522.0,0,8192,0
520,520,0.04649459998472594,9.0,523.0,0,8192,0
521,521,0.04657720000250265,9.0,524.0,0,8192,0
522,522,0.04666130000259727,9.0,525.0,0,8192,0
523,523,0.046748199994908646,9.0,526.0,0,8192,0
524,524,0.04683229999500327,9.0,527.0,0,8192,0
525,525,0.0469151999859605,9.0,528.0,0,8192,0
526,526,0.04699809997691773,9.0,529.0,0,8192,0
527,527,0.04708049999317154,9.0,530.0,0,8192,0
528,528,0.047167399985482916,9.0,531.0,0,8192,0
529,529,0.04725279999547638,9.0,532.0,0,8192,0
530,530,0.0473372999986168,9.0,533.0,0,8192,0
531,531,0.047426699980860576,9.0,534.0,0,8192,0
532,532,0.04753109999001026,9.0,535.0,0,8192,0
533,533,0.04762119997758418,9.0,536.0,0,8192,0
534,534,0.04770759999519214,9.0,537.0,0,8192,0
535,535,0.04779699997743592,9.0,538.0,0,8192,0
536,536,0.04788209998514503,9.0,539.0,0,8192,0
537,537,0.04796860000351444,9.0,540.0,0,8192,0
538,538,0.048051999998278916,9.0,541.0,0,8192,0
539,539,0.04813719997764565,9.0,542.0,0,8192,0
540,540,0.04822579998290166,9.0,543.0,0,8192,0
541,541,0.04831519999424927,9.0,544.0,0,8192,0
542,542,0.04840390000026673,9.0,545.0,0,8192,0
543,543,0.048493699985556304,9.0,546.0,0,8192,0
544,544,0.04857909999554977,9.0,547.0,0,8192,0
545,545,0.048665299982530996,9.0,548.0,0,8192,0
546,546,0.048748500004876405,9.0,549.0,0,8192,0
547,547,0.048832999978912994,9.0,550.0,0,8192,0
548,548,0.048915699997451156,9.0,551.0,0,8192,0
549,549,0.049000400002114475,9.0,552.0,0,8192,0
550,550,0.04911079999874346,9.0,553.0,0,8192,0
551,551,0.04920089998631738,9.0,554.0,0,8192,0
552,552,0.049361699988367036,9.0,555.0,0,8192,0
553,553,0.049508399999467656,9.0,556.0,0,8192,0
554,554,0.04975489998469129,9.0,557.0,0,8192,0
555,555,0.04985169999417849,9.0,558.0,0,8192,0
556,556,0.049944200000027195,9.0,559.0,0,8192,0
557,557,0.05004219998954795,9.0,560.0,0,8192,0
558,558,0.0501360000052955,9.0,561.0,0,8192,0
559,559,0.050222899997606874,9.0,562.0,0,8192,0
560,560,0.050309999991441146,9.0,563.0,0,8192,0
561,561,0.05040290000033565,9.0,564.0,0,8192,0
562,562,0.05048879998503253,9.0,565.0,0,8192,0
563,563,0.050575400004163384,9.0,566.0,0,8192,0
564,564,0.050660999986575916,9.0,567.0,0,8192,0
565,565,0.050748699984978884,9.0,568.0,0,8192,0
566,566,0.05083569997805171,9.0,569.0,0,8192,0
567,567,0.05110899999272078,9.0,570.0,0,8192,0
568,568,0.05121429997961968,9.0,571.0,0,8192,0
569,569,0.05130599997937679,9.0,572.0,0,8192,0
570,570,0.05140709999250248,9.0,573.0,0,8192,0
571,571,0.051495299994712695,9.0,574.0,0,8192,0
572,572,0.05158769999979995,9.0,575.0,0,8192,0
573,573,0.05167970000184141,9.0,576.0,0,8192,0
574,574,0.051764999981969595,9.0,577.0,0,8192,0
575,575,0.05185069999424741,9.0,578.0,0,8192,0
576,576,0.05194089998258278,9.0,579.0,0,8192,0
577,577,0.052027500001713634,9.0,580.0,0,8192,0
578,578,0.05211419999250211,9.0,581.0,0,8192,0
579,579,0.05220019997796044,9.0,582.0,0,8192,0
580,580,0.05229500000132248,9.0,583.0,0,8192,0
581,581,0.05238680000184104,9.0,584.0,0,8192,0
582,582,0.05247979998239316,9.0,585.0,0,8192,0
583,583,0.052569699997548014,9.0,586.0,0,8192,0
584,584,0.05266649997793138,9.0,587.0,0,8192,0
585,585,0.052761999977519736,9.0,588.0,0,8192,0
586,586,0.05285219999495894,9.0,589.0,0,8192,0
587,587,0.05294239998329431,9.0,590.0,0,8192,0
588,588,0.05303680000361055,9.0,591.0,0,8192,0
589,589,0.05312769999727607,9.0,592.0,0,8192,0
590,590,0.05321749998256564,9.0,593.0,0,8192,0
591,591,0.05330709999543615,9.0,594.0,0,8192,0
592,592,0.05340139998588711,9.0,595.0,0,8192,0
593,593,0.053495600004680455,9.0,596.0,0,8192,0
594,594,0.05358169999090023,9.0,597.0,0,8192,0
595,595,0.05366769997635856,9.0,598.0,0,8192,0
596,596,0.05375699998694472,9.0,599.0,0,8192,0
597,597,0.05385159997968003,9.0,600.0,0,8192,0
598,598,0.05394240000168793,9.0,601.0,0,8192,0
599,599,0.054029099992476404,9.0,602.0,0,8192,0
600,600,0.05411669999011792,9.0,603.0,0,8192,0
601,601,0.05420739998226054,9.0,604.0,0,8192,0
602,602,0.05429820000426844,9.0,605.0,0,8192,0
603,603,0.05439069998101331,9.0,606.0,0,8192,0
604,604,0.054486499982886016,9.0,607.0,0,8192,0
605,605,0.05457459998433478,9.0,608.0,0,8192,0
606,606,0.05466110000270419,9.0,609.0,0,8192,0
607,607,0.05475159999332391,9.0,610.0,0,8192,0
608,608,0.05484779999824241,9.0,611.0,0,8192,0
609,609,0.054937299981247634,9.0,612.0,0,8192,0
610,610,0.055025999987265095,9.0,613.0,0,8192,0
611,611,0.05512289999751374,9.0,614.0,0,8192,0
612,612,0.0552181999955792,9.0,615.0,0,8192,0
613,613,0.05534039999474771,9.0,616.0,0,8192,0
614,614,0.055439499992644414,9.0,617.0,0,8192,0
615,615,0.05553499999223277,9.0,618.0,0,8192,0
616,616,0.05562979998649098,9.0,619.0,0,8192,0
617,617,0.0557204999786336,9.0,620.0,0,8192,0
618,618,0.055815700005041435,9.0,621.0,0,8192,0
619,619,0.055913699994562194,9.0,622.0,0,8192,0
620,620,0.05600459998822771,9.0,623.0,0,8192,0
621,621,0.05609679999179207,9.0,624.0,0,8192,0
622,622,0.05619079997995868,9.0,625.0,0,8192,0
623,623,0.056285500002559274,9.0,626.0,0,8192,0
624,624,0.05637679999927059,9.0,627.0,0,8192,0
625,625,0.056466099980752915,9.0,628.0,0,8192,0
626,626,0.05655989999650046,9.0,629.0,0,8192,0
627,627,0.056656000000657514,9.0,630.0,0,8192,0
628,628,0.05674849997740239,9.0,631.0,0,8192,0
629,629,0.05683699998189695,9.0,632.0,0,8192,0
630,630,0.056928399979369715,9.0,633.0,0,8192,0
631,631,0.05702109998674132,9.0,634.0,0,8192,0
632,632,0.057111899979645386,9.0,635.0,0,8192,0
633,633,0.05720650000148453,9.0,636.0,0,8192,0
634,634,0.05730259997653775,9.0,637.0,0,8192,0
635,635,0.05739430000539869,9.0,638.0,0,8192,0
636,636,0.057485700002871454,9.0,639.0,0,8192,0
637,637,0.05758079999941401,9.0,640.0,0,8192,0
638,638,0.05767869998817332,9.0,641.0,0,8192,0
639,639,0.05776880000485107,9.0,642.0,0,8192,0
640,640,0.05786010000156239,9.0,643.0,0,8192,0
641,641,0.057959600002504885,9.0,644.0,0,8192,0
642,642,0.058058900001924485,9.0,645.0,0,8192,0
643,643,0.05815470000379719,9.0,646.0,0,8192,0
644,644,0.0582525999925565,9.0,647.0,0,8192,0
645,645,0.0583489999989979,9.0,648.0,0,8192,0
646,646,0.05844019999494776,9.0,649.0,0,8192,0
647,647,0.058531299990136176,9.0,650.0,0,8192,0
648,648,0.05862559998058714,9.0,651.0,0,8192,0
649,649,0.058722399990074337,9.0,652.0,0,8192,0
650,650,0.0588164999790024,9.0,653.0,0,8192,0
651,651,0.05891259998315945,9.0,654.0,0,8192,0
652,652,0.05901050000102259,9.0,655.0,0,8192,0
653,653,0.05912619997980073,9.0,656.0,0,8192,0
654,654,0.05922969998209737,9.0,657.0,0,8192,0
655,655,0.0593411999871023,9.0,658.0,0,8192,0
656,656,0.059441199991852045,9.0,659.0,0,8192,0
657,657,0.059537599998293445,9.0,660.0,0,8192,0
658,658,0.05963760000304319,9.0,661.0,0,8192,0
659,659,0.059734699985710904,9.0,662.0,0,8192,0
660,660,0.05983299997751601,9.0,663.0,0,8192,0
661,661,0.05992899998091161,9.0,664.0,0,8192,0
662,662,0.0600296999909915,9.0,665.0,0,8192,0
663,663,0.06013119997805916,9.0,666.0,0,8192,0
664,664,0.06023010000353679,9.0,667.0,0,8192,0
665,665,0.06033119998755865,9.0,668.0,0,8192,0
666,666,0.06043579999823123,9.0,669.0,0,8192,0
667,667,0.06054859998403117,9.0,670.0,0,8192,0
668,668,0.06065269999089651,9.0,671.0,0,8192,0
669,669,0.060752599994884804,9.0,672.0,0,8192,0
670,670,0.0608529000019189,9.0,673.0,0,8192,0
671,671,0.06095309997908771,9.0,674.0,0,8192,0
672,672,0.061054499994497746,9.0,675.0,0,8192,0
673,673,0.06116309997742064,9.0,676.0,0,8192,0
674,674,0.061266599979717284,9.0,677.0,0,8192,0
675,675,0.06136779999360442,9.0,678.0,0,8192,0
676,676,0.061466699989978224,9.0,679.0,0,8192,0
677,677,0.06156499998178333,9.0,680.0,0,8192,0
678,678,0.06166109998594038,9.0,681.0,0,8192,0
679,679,0.06175880000228062,9.0,682.0,0,8192,0
680,680,0.06185959998401813,9.0,683.0,0,8192,0
681,681,0.06195730000035837,9.0,684.0,0,8192,0
682,682,0.062054599984548986,9.0,685.0,0,8192,0
683,683,0.06215620000148192,9.0,686.0,0,8192,0
684,684,0.06225689998245798,9.0,687.0,0,8192,0
685,685,0.06235789999482222,9.0,688.0,0,8192,0
686,686,0.06245979998493567,9.0,689.0,0,8192,0
687,687,0.06256269998266362,9.0,690.0,0,8192,0
688,688,0.06266169997979887,9.0,691.0,0,8192,0
689,689,0.06276179998531006,9.0,692.0,0,8192,0
690,690,0.06286029997863807,9.0,693.0,0,8192,0
691,691,0.06296319997636601,9.0,694.0,0,8192,0
692,692,0.0630683999916073,9.0,695.0,0,8192,0
693,693,0.06317099998705089,9.0,696.0,0,8192,0
694,694,0.06327349998173304,9.0,697.0,0,8192,0
695,695,0.06337239997810684,9.0,698.0,0,8192,0
696,696,0.06346929998835549,9.0,699.0,0,8192,0
697,697,0.06357129997923039,9.0,700.0,0,8192,0
698,698,0.06367269999464042,9.0,701.0,0,8192,0
699,699,0.06377219999558292,9.0,702.0,0,8192,0
700,700,0.06387749998248182,9.0,703.0,0,8192,0
701,701,0.06398789997911081,9.0,704.0,0,8192,0
702,702,0.06409430000348948,9.0,705.0,0,8192,0
703,703,0.06420649998472072,9.0,706.0,0,8192,0
704,704,0.06431249997694977,9.0,707.0,0,8192,0
705,705,0.0644136999908369,9.0,708.0,0,8192,0
706,706,0.06451820000074804,9.0,709.0,0,8192,0
707,707,0.06462109999847598,9.0,710.0,0,8192,0
708,708,0.06472809999831952,9.0,711.0,0,8192,0
709,709,0.06492469998192973,9.0,712.0,0,8192,0
710,710,0.06504109999514185,9.0,713.0,0,8192,0
711,711,0.06515089998720214,9.0,714.0,0,8192,0
712,712,0.06525260000489652,9.0,715.0,0,8192,0
713,713,0.06537169998046011,9.0,716.0,0,8192,0
714,714,0.06548180000390857,9.0,717.0,0,8192,0
715,715,0.06558379999478348,9.0,718.0,0,8192,0
716,716,0.06569079999462701,9.0,719.0,0,8192,0
717,717,0.06579569997848012,9.0,720.0,0,8192,0
718,718,0.06589959998382255,9.0,721.0,0,8192,0
719,719,0.06600299998535775,9.0,722.0,0,8192,0
720,720,0.06610909997834824,9.0,723.0,0,8192,0
721,721,0.06621580000501126,9.0,724.0,0,8192,0
722,722,0.06631709999055602,9.0,725.0,0,8192,0
723,723,0.06642239997745492,9.0,726.0,0,8192,0
724,724,0.06652860000031069,9.0,727.0,0,8192,0
725,725,0.06663549999939278,9.0,728.0,0,8192,0
726,726,0.06674219999695197,9.0,729.0,0,8192,0
727,727,0.06684879999374971,9.0,730.0,0,8192,0
728,728,0.0669546999852173,9.0,731.0,0,8192,0
729,729,0.06717299998854287,9.0,732.0,0,8192,0
730,730,0.0672836999874562,9.0,733.0,0,8192,0
731,731,0.06738809999660589,9.0,734.0,0,8192,0
732,732,0.06749210000270978,9.0,735.0,0,8192,0
733,733,0.06759940000483766,9.0,736.0,0,8192,0
734,734,0.06771099998150021,9.0,737.0,0,8192,0
735,735,0.0678182999836281,9.0,738.0,0,8192,0
736,736,0.06792509998194873,9.0,739.0,0,8192,0
737,737,0.0680343999993056,9.0,740.0,0,8192,0
738,738,0.06814099999610335,9.0,741.0,0,8192,0
739,739,0.06824679998680949,9.0,742.0,0,8192,0
740,740,0.06835749998572282,9.0,743.0,0,8192,0
741,741,0.06847189998370595,9.0,744.0,0,8192,0
742,742,0.06858059999649413,9.0,745.0,0,8192,0
743,743,0.06868569998187013,9.0,746.0,0,8192,0
744,744,0.06879119999939576,9.0,747.0,0,8192,0
745,745,0.06889890000456944,9.0,748.0,0,8192,0
746,746,0.06900879999739118,9.0,749.0,0,8192,0
747,747,0.0691297999874223,9.0,750.0,0,8192,0
748,748,0.06924139999318868,9.0,751.0,0,8192,0
749,749,0.06936329999007285,9.0,752.0,0,8192,0
750,750,0.06946859997697175,9.0,753.0,0,8192,0
751,751,0.06957599997986108,9.0,754.0,0,8192,0
752,752,0.06969829997979105,9.0,755.0,0,8192,0
753,753,0.06981939999968745,9.0,756.0,0,8192,0
754,754,0.06992549999267794,9.0,757.0,0,8192,0
755,755,0.07002939999802038,9.0,758.0,0,8192,0
756,756,0.07013999999617226,9.0,759.0,0,8192,0
757,757,0.07024609998916276,9.0,760.0,0,8192,0
758,758,0.0703555999789387,9.0,761.0,0,8192,0
759,759,0.07046529999934137,9.0,762.0,0,8192,0
760,760,0.07057009998243302,9.0,763.0,0,8192,0
761,761,0.07069589997990988,9.0,764.0,0,8192,0
762,762,0.07080759998643771,9.0,765.0,0,8192,0
763,763,0.07091650000074878,9.0,766.0,0,8192,0
764,764,0.07102750000194646,9.0,767.0,0,8192,0
765,765,0.07114099999307655,9.0,768.0,0,8192,0
766,766,0.07125340000493452,9.0,769.0,0,8192,0
767,767,0.07136559998616576,9.0,770.0,0,8192,0
768,768,0.07147639998584054,9.0,771.0,0,8192,0
769,769,0.07158469999558292,9.0,772.0,0,8192,0
770,770,0.07169499999145046,9.0,773.0,0,8192,0
771,771,0.07180899998638779,9.0,774.0,0,8192,0
772,772,0.07191929998225532,9.0,775.0,0,8192,0
773,773,0.07203019998269156,9.0,776.0,0,8192,0
774,774,0.07214439997915179,9.0,777.0,0,8192,0
775,775,0.07225509997806512,9.0,778.0,0,8192,0
776,776,0.07236449999618344,9.0,779.0,0,8192,0
777,777,0.07250290000229143,9.0,780.0,0,8192,0
778,778,0.07261619999189861,9.0,781.0,0,8192,0
779,779,0.07272470000316389,9.0,782.0,0,8192,0
780,780,0.07284109998727217,9.0,783.0,0,8192,0
781,781,0.0729562999913469,9.0,784.0,0,8192,0
782,782,0.07307019998552278,9.0,785.0,0,8192,0
783,783,0.0731851999880746,9.0,786.0,0,8192,0
784,784,0.07331449998309836,9.0,787.0,0,8192,0
785,785,0.07342519998201169,9.0,788.0,0,8192,0
786,786,0.0735415999952238,9.0,789.0,0,8192,0
787,787,0.07365350000327453,9.0,790.0,0,8192,0
788,788,0.07376989998738281,9.0,791.0,0,8192,0
789,789,0.07388509999145754,9.0,792.0,0,8192,0
790,790,0.07400459999917075,9.0,793.0,0,8192,0
791,791,0.07412159998784773,9.0,794.0,0,8192,0
792,792,0.07423969998490065,9.0,795.0,0,8192,0
793,793,0.07436139998026192,9.0,796.0,0,8192,0
794,794,0.07448250000015832,9.0,797.0,0,8192,0
795,795,0.07461089998832904,9.0,798.0,0,8192,0
796,796,0.07473269998445176,9.0,799.0,0,8192,0
797,797,0.07484779998776503,9.0,800.0,0,8192,0
798,798,0.07496509997872636,9.0,801.0,0,8192,0
799,799,0.07508579999557696,9.0,802.0,0,8192,0
800,800,0.07520490000024438,9.0,803.0,0,8192,0
801,801,0.07532789997640066,9.0,804.0,0,8192,0
802,802,0.07546389999333769,9.0,805.0,0,8192,0
803,803,0.07559199997922406,9.0,806.0,0,8192,0
804,804,0.07574849997763522,9.0,807.0,0,8192,0
805,805,0.07587739999871701,9.0,808.0,0,8192,0
806,806,0.07600159998401068,9.0,809.0,0,8192,0
807,807,0.07613780000247061,9.0,810.0,0,8192,0
808,808,0.07635719998506829,9.0,811.0,0,8192,0
809,809,0.0764797999872826,9.0,812.0,0,8192,0
810,810,0.07659939999575727,9.0,813.0,0,8192,0
811,811,0.07671500000287779,9.0,814.0,0,8192,0
812,812,0.07682950000162236,9.0,815.0,0,8192,0
813,813,0.0769451999804005,9.0,816.0,0,8192,0
814,814,0.07705349999014288,9.0,817.0,0,8192,0
815,815,0.0771688999957405,9.0,818.0,0,8192,0
816,816,0.07728779999888502,9.0,819.0,0,8192,0
817,817,0.07740639999974519,9.0,820.0,0,8192,0
818,818,0.07752349998918362,9.0,821.0,0,8192,0
819,819,0.07764390000374988,9.0,822.0,0,8192,0
820,820,0.07775909997872077,9.0,823.0,0,8192,0
821,821,0.07787720000487752,9.0,824.0,0,8192,0
822,822,0.07800029998179525,9.0,825.0,0,8192,0
823,823,0.07813229999737814,9.0,826.0,0,8192,0
824,824,0.07825669998419471,9.0,827.0,0,8192,0
825,825,0.07837609999114648,9.0,828.0,0,8192,0
826,826,0.07849230000283569,9.0,829.0,0,8192,0
827,827,0.07860849998542108,9.0,830.0,0,8192,0
828,828,0.07872379999025725,9.0,831.0,0,8192,0
829,829,0.07883869999204762,9.0,832.0,0,8192,0
830,830,0.07895779999671504,9.0,833.0,0,8192,0
831,831,0.07907579999300651,9.0,834.0,0,8192,0
832,832,0.07919629997923039,9.0,835.0,0,8192,0
833,833,0.07931760000064969,9.0,836.0,0,8192,0
834,834,0.07943449998856522,9.0,837.0,0,8192,0
835,835,0.079551899980288,9.0,838.0,0,8192,0
836,836,0.07967350000399165,9.0,839.0,0,8192,0
837,837,0.07978609998826869,9.0,840.0,0,8192,0
838,838,0.07990670000435784,9.0,841.0,0,8192,0
839,839,0.08003169999574311,9.0,842.0,0,8192,0
840,840,0.08014720000210218,9.0,843.0,0,8192,0
841,841,0.08029449998866767,9.0,844.0,0,8192,0
842,842,0.08041689998935908,9.0,845.0,0,8192,0
843,843,0.08053469998412766,9.0,846.0,0,8192,0
844,844,0.08065409999107942,9.0,847.0,0,8192,0
845,845,0.08077839997713454,9.0,848.0,0,8192,0
846,846,0.08097399998223409,9.0,849.0,0,8192,0
847,847,0.08110640000086278,9.0,850.0,0,8192,0
848,848,0.08122589997947216,9.0,851.0,0,8192,0
849,849,0.08134710000013001,9.0,852.0,0,8192,0
850,850,0.08147239999379963,9.0,853.0,0,8192,0
851,851,0.0815913999977056,9.0,854.0,0,8192,0
852,852,0.08171359999687411,9.0,855.0,0,8192,0
853,853,0.08183769998140633,9.0,856.0,0,8192,0
854,854,0.0819562999822665,9.0,857.0,0,8192,0
855,855,0.08207669999683276,9.0,858.0,0,8192,0
856,856,0.08220000000437722,9.0,859.0,0,8192,0
857,857,0.0823192999814637,9.0,860.0,0,8192,0
858,858,0.08244109997758642,9.0,861.0,0,8192,0
859,859,0.0825708000047598,9.0,862.0,0,8192,0
860,860,0.08269179999479093,9.0,863.0,0,8192,0
861,861,0.08282079998753034,9.0,864.0,0,8192,0
862,862,0.0829407999990508,9.0,865.0,0,8192,0
863,863,0.08306549998815171,9.0,866.0,0,8192,0
864,864,0.08319179998943582,9.0,867.0,0,8192,0
865,865,0.08331620000535622,9.0,868.0,0,8192,0
866,866,0.08343889997922815,9.0,869.0,0,8192,0
867,867,0.08356840000487864,9.0,870.0,0,8192,0
868,868,0.08368859998881817,9.0,871.0,0,8192,0
869,869,0.08381089998874813,9.0,872.0,0,8192,0
870,870,0.08393399999476969,9.0,873.0,0,8192,0
871,871,0.08405899998615496,9.0,874.0,0,8192,0
872,872,0.0841867999988608,9.0,875.0,0,8192,0
873,873,0.08431789997848682,9.0,876.0,0,8192,0
874,874,0.08444879998569377,9.0,877.0,0,8192,0
875,875,0.08457559999078512,9.0,878.0,0,8192,0
876,876,0.08469970000442117,9.0,879.0,0,8192,0
877,877,0.08482759998878464,9.0,880.0,0,8192,0
878,878,0.0849539999908302,9.0,881.0,0,8192,0
879,879,0.08507299999473616,9.0,882.0,0,8192,0
880,880,0.08519949999754317,9.0,883.0,0,8192,0
881,881,0.08533239999087527,9.0,884.0,0,8192,0
882,882,0.08546099998056889,9.0,885.0,0,8192,0
883,883,0.08558600000105798,9.0,886.0,0,8192,0
884,884,0.08571139999548905,9.0,887.0,0,8192,0
885,885,0.0858379999990575,9.0,888.0,0,8192,0
886,886,0.08596379999653436,9.0,889.0,0,8192,0
887,887,0.08608549999189563,9.0,890.0,0,8192,0
888,888,0.08621919999131933,9.0,891.0,0,8192,0
889,889,0.08634859998710454,9.0,892.0,0,8192,0
890,890,0.08647809998365119,9.0,893.0,0,8192,0
891,891,0.08660969999618828,9.0,894.0,0,8192,0
892,892,0.08674929998232983,9.0,895.0,0,8192,0
893,893,0.08688629997777753,9.0,896.0,0,8192,0
894,894,0.08702379997703247,9.0,897.0,0,8192,0
895,895,0.08715889998711646,9.0,898.0,0,8192,0
896,896,0.08729399999720044,9.0,899.0,0,8192,0
897,897,0.08743019998655654,9.0,900.0,0,8192,0
898,898,0.08755440000095405,9.0,901.0,0,8192,0
899,899,0.08768189998227172,9.0,902.0,0,8192,0
900,900,0.08781609998550266,9.0,903.0,0,8192,0
901,901,0.08794209998450242,9.0,904.0,0,8192,0
902,902,0.08807159998104908,9.0,905.0,0,8192,0
903,903,0.08820619998732582,9.0,906.0,0,8192,0
904,904,0.08834309998201206,9.0,907.0,0,8192,0
905,905,0.08849029999691993,9.0,908.0,0,8192,0
906,906,0.08861609999439679,9.0,909.0,0,8192,0
907,907,0.08874680000008084,9.0,910.0,0,8192,0
908,908,0.08888139997725375,9.0,911.0,0,8192,0
909,909,0.08901699999114498,9.0,912.0,0,8192,0
910,910,0.08914779999759048,9.0,913.0,0,8192,0
911,911,0.08927470000344329,9.0,914.0,0,8192,0
912,912,0.08940090000396594,9.0,915.0,0,8192,0
913,913,0.08953399999882095,9.0,916.0,0,8192,0
914,914,0.08966359999612905,9.0,917.0,0,8192,0
915,915,0.08981789997778833,9.0,918.0,0,8192,0
916,916,0.08996319997822866,9.0,919.0,0,8192,0
917,917,0.09012179999263026,9.0,920.0,0,8192,0
918,918,0.09027639997657388,9.0,921.0,0,8192,0
919,919,0.0904265999852214,9.0,922.0,0,8192,0
920,920,0.09057529998244718,9.0,923.0,0,8192,0
921,921,0.09071719998610206,9.0,924.0,0,8192,0
922,922,0.0908585999859497,9.0,925.0,0,8192,0
923,923,0.09100649997708388,9.0,926.0,0,8192,0
924,924,0.09114559998852201,9.0,927.0,0,8192,0
925,925,0.09128579997923225,9.0,928.0,0,8192,0
926,926,0.09143079997738823,9.0,929.0,0,8192,0
927,927,0.0915783999953419,9.0,930.0,0,8192,0
928,928,0.09171939999214374,9.0,931.0,0,8192,0
929,929,0.09186039998894557,9.0,932.0,0,8192,0
930,930,0.09201150000444613,9.0,933.0,0,8192,0
931,931,0.09215559999574907,9.0,934.0,0,8192,0
932,932,0.09229259999119677,9.0,935.0,0,8192,0
933,933,0.09243889999925159,9.0,936.0,0,8192,0
934,934,0.09257680000155233,9.0,937.0,0,8192,0
935,935,0.09271879997686483,9.0,938.0,0,8192,0
936,936,0.09285990000353195,9.0,939.0,0,8192,0
937,937,0.09299319999990985,9.0,940.0,0,8192,0
938,938,0.09312569999019615,9.0,941.0,0,8192,0
939,939,0.09326839999994263,9.0,942.0,0,8192,0
940,940,0.09340849998989142,9.0,943.0,0,8192,0
941,941,0.09354629999143071,9.0,944.0,0,8192,0
942,942,0.09368299998459406,9.0,945.0,0,8192,0
943,943,0.09381789999315515,9.0,946.0,0,8192,0
944,944,0.0939545999863185,9.0,947.0,0,8192,0
945,945,0.09409810000215657,9.0,948.0,0,8192,0
946,946,0.09423560000141151,9.0,949.0,0,8192,0
947,947,0.09437049998086877,9.0,950.0,0,8192,0
948,948,0.09450969999306835,9.0,951.0,0,8192,0
949,949,0.09465250000357628,9.0,952.0,0,8192,0
950,950,0.09479239999200217,9.0,953.0,0,8192,0
951,951,0.09493019999354146,9.0,954.0,0,8192,0
952,952,0.09506609998061322,9.0,955.0,0,8192,0
953,953,0.09520829998655245,9.0,956.0,0,8192,0
954,954,0.09535529999993742,9.0,957.0,0,8192,0
955,955,0.09549759997753426,9.0,958.0,0,8192,0
956,956,0.0956391999789048,9.0,959.0,0,8192,0
957,957,0.09578410000540316,9.0,960.0,0,8192,0
958,958,0.095931699994253,9.0,961.0,0,8192,0
959,959,0.09607479997794144,9.0,962.0,0,8192,0
960,960,0.09621519999927841,9.0,963.0,0,8192,0
961,961,0.096362299984321,9.0,964.0,0,8192,0
962,962,0.09650729998247698,9.0,965.0,0,8192,0
963,963,0.0966547999996692,9.0,966.0,0,8192,0
964,964,0.09680519998073578,9.0,967.0,0,8192,0
965,965,0.0969489999988582,9.0,968.0,0,8192,0
966,966,0.09710689997882582,9.0,969.0,0,8192,0
967,967,0.09725709998747334,9.0,970.0,0,8192,0
968,968,0.0974102999898605,9.0,971.0,0,8192,0
969,969,0.09755809998023324,9.0,972.0,0,8192,0
970,970,0.09770679997745901,9.0,973.0,0,8192,0
971,971,0.09785579997696914,9.0,974.0,0,8192,0
972,972,0.09800840000389144,9.0,975.0,0,8192,0
973,973,0.0981679999968037,9.0,976.0,0,8192,0
974,974,0.09831869998015463,9.0,977.0,0,8192,0
975,975,0.09846559999277815,9.0,978.0,0,8192,0
976,976,0.09861240000464022,9.0,979.0,0,8192,0
977,977,0.0987637999933213,9.0,980.0,0,8192,0
978,978,0.09891420000349171,9.0,981.0,0,8192,0
979,979,0.09906239999691024,9.0,982.0,0,8192,0
980,980,0.09921319998102263,9.0,983.0,0,8192,0
981,981,0.0993622999812942,9.0,984.0,0,8192,0
982,982,0.09951400000136346,9.0,985.0,0,8192,0
983,983,0.09966269999858923,9.0,986.0,0,8192,0
984,984,0.0998117999988608,9.0,987.0,0,8192,0
985,985,0.09996349998982623,9.0,988.0,0,8192,0
986,986,0.1001107000047341,9.0,989.0,0,8192,0
987,987,0.10026429998106323,9.0,990.0,0,8192,0
988,988,0.10042139998404309,9.0,991.0,0,8192,0
989,989,0.10056809999514371,9.0,992.0,0,8192,0
990,990,0.10071729999617673,9.0,993.0,0,8192,0
991,991,0.10086539998883381,9.0,994.0,0,8192,0
992,992,0.10101809998741373,9.0,995.0,0,8192,0
993,993,0.10116089999792166,9.0,996.0,0,8192,0
994,994,0.10130599999683909,9.0,997.0,0,8192,0
995,995,0.10145399998873472,9.0,998.0,0,8192,0
996,996,0.10159740000381134,9.0,999.0,0,8192,0
997,997,0.10174399998504668,9.0,1000.0,0,8192,0
998,998,0.10189449999597855,9.0,1001.0,0,8192,0
999,999,0.10204389999853447,9.0,1002.0,0,8192,0
1000,1000,0.10219399997731671,9.0,1003.0,0,8192,0
1001,1001,0.10234569999738596,9.0,1004.0,0,8192,0
1002,1002,0.10249359998852015,9.0,1005.0,0,8192,0
1003,1003,0.10263809998286888,9.0,1006.0,0,8192,0
1004,1004,0.10278669997933321,9.0,1007.0,0,8192,0
1005,1005,0.10292699999990873,9.0,1008.0,0,8192,0
1006,1006,0.10307949999696575,9.0,1009.0,0,8192,0
1007,1007,0.10323219999554567,9.0,1010.0,0,8192,0
1008,1008,0.10338939999928698,9.0,1011.0,0,8192,0
1009,1009,0.1035453999938909,9.0,1012.0,0,8192,0
